mc	mn	quarterbeats	quarterbeats_all_endings	duration_qb	mc_onset	mn_onset	timesig	staff	voice	duration	gracenote	nominal_duration	scalar	tied	tpc	midi	name	octave	chord_id
1	1	0	0	1.0	0	0	4/4	2	1	1/4		1/4	1		6	54	F#3	3	10
1	1	0	0	1.0	0	0	4/4	2	1	1/4		1/4	1		3	57	A3	3	10
1	1	0	0	0.5	0	0	4/4	1	1	1/8		1/8	1		7	73	C#5	5	0
1	1	1/2	1/2	0.25	1/8	1/8	4/4	1	1	1/16		1/16	1		3	81	A5	5	1
1	1	3/4	3/4	0.25	3/16	3/16	4/4	1	1	1/16		1/16	1		11	77	E#5	5	2
1	1	1	1	0.125	1/4	1/4	4/4	1	1	1/32		1/32	1		8	80	G#5	5	3
1	1	9/8	9/8	0.375	9/32	9/32	4/4	1	1	3/32		1/16	3/2		6	78	F#5	5	4
1	1	3/2	3/2	0.125	3/8	3/8	4/4	1	1	1/32		1/32	1		4	76	E5	5	5
1	1	13/8	13/8	0.375	13/32	13/32	4/4	1	1	3/32		1/16	3/2		2	74	D5	5	6
1	1	2	2	1.0	1/2	1/2	4/4	1	1	1/4		1/4	1		7	73	C#5	5	7
1	1	5/2	5/2	0.5	5/8	5/8	4/4	2	1	1/8		1/8	1		8	56	G#3	3	11
1	1	5/2	5/2	0.5	5/8	5/8	4/4	2	1	1/8		1/8	1		11	65	E#4	4	11
1	1	3	3	0.5	3/4	3/4	4/4	2	1	1/8		1/8	1		8	56	G#3	3	12
1	1	3	3	0.5	3/4	3/4	4/4	2	1	1/8		1/8	1		11	65	E#4	4	12
1	1	3	3	0.75	3/4	3/4	4/4	1	1	3/16		1/8	3/2		5	71	B4	4	8
1	1	7/2	7/2	0.5	7/8	7/8	4/4	2	1	1/8		1/8	1		8	56	G#3	3	13
1	1	7/2	7/2	0.5	7/8	7/8	4/4	2	1	1/8		1/8	1		11	65	E#4	4	13
1	1	31/8	31/8	0.125	31/32	31/32	4/4	1	1	1/32		1/32	1		5	83	B5	5	9
2	2	4	4	0.5	0	0	4/4	1	1	1/8		1/8	1	1	5	83	B5	5	14
2	2	9/2	9/2	0.5	1/8	1/8	4/4	2	1	1/8		1/8	1		11	53	E#3	3	27
2	2	9/2	9/2	0.5	1/8	1/8	4/4	2	1	1/8		1/8	1		8	56	G#3	3	27
2	2	9/2	9/2	0.375	1/8	1/8	4/4	1	1	3/32		1/16	3/2	-1	5	83	B5	5	15
2	2	39/8	39/8	0.125	7/32	7/32	4/4	1	1	1/32		1/32	1		2	86	D6	6	16
2	2	5	5	0.5	1/4	1/4	4/4	2	1	1/8		1/8	1		11	53	E#3	3	28
2	2	5	5	0.5	1/4	1/4	4/4	2	1	1/8		1/8	1		8	56	G#3	3	28
2	2	5	5	0.125	1/4	1/4	4/4	1	1	1/32		1/32	1		7	85	C#6	6	17
2	2	41/8	41/8	0.375	9/32	9/32	4/4	1	1	3/32		1/16	3/2		5	83	B5	5	18
2	2	11/2	11/2	0.5	3/8	3/8	4/4	2	1	1/8		1/8	1		11	53	E#3	3	29
2	2	11/2	11/2	0.5	3/8	3/8	4/4	2	1	1/8		1/8	1		7	61	C#4	4	29
2	2	11/2	11/2	0.125	3/8	3/8	4/4	1	1	1/32		1/32	1		3	81	A5	5	19
2	2	45/8	45/8	0.375	13/32	13/32	4/4	1	1	3/32		1/16	3/2		8	80	G#5	5	20
2	2	6	6	1.0	1/2	1/2	4/4	2	1	1/4		1/4	1		3	45	A2	2	30
2	2	6	6	0.25	1/2	1/2	4/4	1	1	1/16		1/16	1		7	85	C#6	6	21
2	2	25/4	25/4	0.25	9/16	9/16	4/4	1	1	1/16		1/16	1		3	81	A5	5	22
2	2	13/2	13/2	0.25	5/8	5/8	4/4	1	1	1/16		1/16	1		11	77	E#5	5	23
2	2	27/4	27/4	0.25	11/16	11/16	4/4	1	1	1/16		1/16	1		6	78	F#5	5	24
2	2	7	7	0.5	3/4	3/4	4/4	2	1	1/8		1/8	1		3	57	A3	3	31
2	2	15/2	15/2	0.5	7/8	7/8	4/4	2	1	1/8		1/8	1		3	57	A3	3	32
2	2	15/2	15/2	0.5	7/8	7/8	4/4	2	1	1/8		1/8	1		7	61	C#4	4	32
2	2	15/2	15/2	0.375	7/8	7/8	4/4	1	1	3/32		1/16	3/2		6	66	F#4	4	25
2	2	63/8	63/8	0.125	31/32	31/32	4/4	1	1	1/32		1/32	1		6	78	F#5	5	26
3	3	8	8	0.5	0	0	4/4	2	1	1/8		1/8	1		5	59	B3	3	47
3	3	8	8	0.5	0	0	4/4	2	1	1/8		1/8	1		2	62	D4	4	47
3	3	8	8	0.5	0	0	4/4	1	1	1/8		1/8	1	1	3	69	A4	4	33
3	3	17/2	17/2	0.5	1/8	1/8	4/4	2	1	1/8		1/8	1		5	59	B3	3	48
3	3	17/2	17/2	0.5	1/8	1/8	4/4	2	1	1/8		1/8	1		2	62	D4	4	48
3	3	17/2	17/2	0.16666666666666666	1/8	1/8	4/4	1	1	1/24		1/16	2/3	-1	3	69	A4	4	34
3	3	26/3	26/3	0.16666666666666666	1/6	1/6	4/4	1	1	1/24		1/16	2/3		8	68	G#4	4	35
3	3	53/6	53/6	0.16666666666666666	5/24	5/24	4/4	1	1	1/24		1/16	2/3		2	74	D5	5	36
3	3	9	9	0.5	1/4	1/4	4/4	2	1	1/8		1/8	1		7	61	C#4	4	49
3	3	9	9	0.5	1/4	1/4	4/4	1	1	1/8		1/8	1	1	6	66	F#4	4	37
3	3	19/2	19/2	0.5	3/8	3/8	4/4	2	1	1/8		1/8	1		7	49	C#3	3	50
3	3	19/2	19/2	0.16666666666666666	3/8	3/8	4/4	1	1	1/24		1/16	2/3	-1	6	66	F#4	4	38
3	3	29/3	29/3	0.16666666666666666	5/12	5/12	4/4	1	1	1/24		1/16	2/3		11	65	E#4	4	39
3	3	59/6	59/6	0.16666666666666666	11/24	11/24	4/4	1	1	1/24		1/16	2/3	1	5	71	B4	4	40
3	3	10	10	0.5	1/2	1/2	4/4	2	1	1/8		1/8	1		6	42	F#2	2	51
3	3	10	10	0.25	1/2	1/2	4/4	1	1	1/16		1/16	1	-1	5	71	B4	4	41
3	3	41/4	41/4	0.08333333333333333	9/16	9/16	4/4	1	1	1/48		1/32	2/3		3	69	A4	4	42
3	3	31/3	31/3	0.08333333333333333	7/12	7/12	4/4	1	1	1/48		1/32	2/3		8	68	G#4	4	43
3	3	125/12	125/12	0.08333333333333333	29/48	29/48	4/4	1	1	1/48		1/32	2/3		6	66	F#4	4	44
3	3	21/2	21/2	0.375	5/8	5/8	4/4	2	1	3/32		1/16	3/2		3	45	A2	2	52
3	3	21/2	21/2	0.5	5/8	5/8	4/4	1	1	1/8		1/8	1		6	66	F#4	4	45
3	3	87/8	87/8	0.125	23/32	23/32	4/4	2	1	1/32		1/32	1		7	49	C#3	3	53
3	3	11	11	1.0	3/4	3/4	4/4	2	1	1/4		1/4	1		6	54	F#3	3	54
3	3	23/2	23/2	0.5	7/8	7/8	4/4	1	1	1/8		1/8	1		7	73	C#5	5	46
4	4	12	12	0.5	0	0	4/4	1	1	1/8		1/8	1		3	81	A5	5	55
4	4	25/2	25/2	0.5	1/8	1/8	4/4	2	1	1/8		1/8	1		6	54	F#3	3	70
4	4	25/2	25/2	0.5	1/8	1/8	4/4	2	1	1/8		1/8	1		3	57	A3	3	70
4	4	25/2	25/2	0.5	1/8	1/8	4/4	2	1	1/8		1/8	1		9	63	D#4	4	70
4	4	25/2	25/2	0.5	1/8	1/8	4/4	1	1	1/8		1/8	1	1	3	81	A5	5	56
4	4	13	13	0.5	1/4	1/4	4/4	2	1	1/8		1/8	1		6	54	F#3	3	71
4	4	13	13	0.5	1/4	1/4	4/4	2	1	1/8		1/8	1		3	57	A3	3	71
4	4	13	13	0.5	1/4	1/4	4/4	2	1	1/8		1/8	1		9	63	D#4	4	71
4	4	13	13	0.25	1/4	1/4	4/4	1	1	1/16		1/16	1	-1	3	81	A5	5	57
4	4	53/4	53/4	0.125	5/16	5/16	4/4	1	1	1/32		1/32	1		8	80	G#5	5	58
4	4	107/8	107/8	0.125	11/32	11/32	4/4	1	1	1/32		1/32	1		6	78	F#5	5	59
4	4	27/2	27/2	0.5	3/8	3/8	4/4	2	1	1/8		1/8	1		6	54	F#3	3	72
4	4	27/2	27/2	0.5	3/8	3/8	4/4	2	1	1/8		1/8	1		3	57	A3	3	72
4	4	27/2	27/2	0.125	3/8	3/8	4/4	1	1	1/32		1/32	1		4	76	E5	5	60
4	4	109/8	109/8	0.125	13/32	13/32	4/4	1	1	1/32		1/32	1		9	75	D#5	5	61
4	4	55/4	55/4	0.125	7/16	7/16	4/4	1	1	1/32		1/32	1		7	73	C#5	5	62
4	4	111/8	111/8	0.125	15/32	15/32	4/4	1	1	1/32		1/32	1		5	71	B4	4	63
4	4	14	14	1.0	1/2	1/2	4/4	1	1	1/4		1/4	1	1	3	69	A4	4	64
4	4	29/2	29/2	0.5	5/8	5/8	4/4	2	1	1/8		1/8	1		4	40	E2	2	73
4	4	15	15	0.5	3/4	3/4	4/4	2	1	1/8		1/8	1		4	52	E3	3	74
4	4	15	15	0.2	3/4	3/4	4/4	1	1	1/20		1/16	4/5	-1	3	69	A4	4	65
4	4	76/5	76/5	0.2	4/5	4/5	4/4	1	1	1/20		1/16	4/5		8	68	G#4	4	66
4	4	77/5	77/5	0.2	17/20	17/20	4/4	1	1	1/20		1/16	4/5		6	66	F#4	4	67
4	4	31/2	31/2	0.5	7/8	7/8	4/4	2	1	1/8		1/8	1		4	52	E3	3	75
4	4	78/5	78/5	0.2	9/10	9/10	4/4	1	1	1/20		1/16	4/5		8	68	G#4	4	68
4	4	79/5	79/5	0.2	19/20	19/20	4/4	1	1	1/20		1/16	4/5		5	71	B4	4	69
5	5	16	16	0.5	0	0	4/4	2	1	1/8		1/8	1		6	54	F#3	3	91
5	5	16	16	0.15384615384615385	0	0	4/4	1	1	1/26		1/16	8/13		3	69	A4	4	76
5	5	210/13	210/13	0.15384615384615385	1/26	1/26	4/4	1	1	1/26		1/16	8/13		7	73	C#5	5	77
5	5	212/13	212/13	0.15384615384615385	1/13	1/13	4/4	1	1	1/26		1/16	8/13		5	71	B4	4	78
5	5	214/13	214/13	0.15384615384615385	3/26	3/26	4/4	1	1	1/26		1/16	8/13		2	74	D5	5	79
5	5	33/2	33/2	0.5	1/8	1/8	4/4	2	1	1/8		1/8	1		6	54	F#3	3	92
5	5	216/13	216/13	0.15384615384615385	2/13	2/13	4/4	1	1	1/26		1/16	8/13		7	73	C#5	5	80
5	5	218/13	218/13	0.15384615384615385	5/26	5/26	4/4	1	1	1/26		1/16	8/13		4	76	E5	5	81
5	5	220/13	220/13	0.15384615384615385	3/13	3/13	4/4	1	1	1/26		1/16	8/13		2	74	D5	5	82
5	5	17	17	0.5	1/4	1/4	4/4	2	1	1/8		1/8	1		8	56	G#3	3	93
5	5	222/13	222/13	0.15384615384615385	7/26	7/26	4/4	1	1	1/26		1/16	8/13		7	73	C#5	5	83
5	5	224/13	224/13	0.15384615384615385	4/13	4/13	4/4	1	1	1/26		1/16	8/13		5	71	B4	4	84
5	5	226/13	226/13	0.15384615384615385	9/26	9/26	4/4	1	1	1/26		1/16	8/13		3	69	A4	4	85
5	5	35/2	35/2	0.5	3/8	3/8	4/4	2	1	1/8		1/8	1		8	56	G#3	3	94
5	5	228/13	228/13	0.15384615384615385	5/13	5/13	4/4	1	1	1/26		1/16	8/13		8	68	G#4	4	86
5	5	230/13	230/13	0.15384615384615385	11/26	11/26	4/4	1	1	1/26		1/16	8/13		6	66	F#4	4	87
5	5	232/13	232/13	0.15384615384615385	6/13	6/13	4/4	1	1	1/26		1/16	8/13		4	64	E4	4	88
5	5	18	18	1.0	1/2	1/2	4/4	1	1	1/4		1/4	1		2	62	D4	4	89
5	5	37/2	37/2	0.375	5/8	5/8	4/4	2	1	3/32		1/16	3/2		3	45	A2	2	95
5	5	151/8	151/8	0.125	23/32	23/32	4/4	2	1	1/32		1/32	1		8	44	G#2	2	96
5	5	19	19	0.375	3/4	3/4	4/4	2	1	3/32		1/16	3/2		3	45	A2	2	97
5	5	19	19	0.5	3/4	3/4	4/4	1	1	1/8		1/8	1		7	61	C#4	4	90
5	5	155/8	155/8	0.125	27/32	27/32	4/4	2	1	1/32		1/32	1		7	49	C#3	3	98
5	5	39/2	39/2	0.375	7/8	7/8	4/4	2	1	3/32		1/16	3/2		5	47	B2	2	99
5	5	159/8	159/8	0.125	31/32	31/32	4/4	2	1	1/32		1/32	1		2	50	D3	3	100
6	6	20	20	1.0	0	0	4/4	2	1	1/4		1/4	1		7	49	C#3	3	115
6	6	20	20	0.25	0	0	4/4	1	1	1/16		1/16	1		4	76	E5	5	101
6	6	81/4	81/4	0.25	1/16	1/16	4/4	1	1	1/16		1/16	1		7	73	C#5	5	102
6	6	41/2	41/2	0.25	1/8	1/8	4/4	1	1	1/16		1/16	1		8	68	G#4	4	103
6	6	83/4	83/4	0.25	3/16	3/16	4/4	1	1	1/16		1/16	1		3	69	A4	4	104
6	6	21	21	0.5	1/4	1/4	4/4	2	1	1/8		1/8	1		7	49	C#3	3	116
6	6	85/4	85/4	0.25	5/16	5/16	4/4	1	1	1/16		1/16	1		3	57	A3	3	105
6	6	43/2	43/2	0.5	3/8	3/8	4/4	2	1	1/8		1/8	1		7	49	C#3	3	117
6	6	43/2	43/2	0.25	3/8	3/8	4/4	1	1	1/16		1/16	1		4	64	E4	4	106
6	6	87/4	87/4	0.25	7/16	7/16	4/4	1	1	1/16		1/16	1		1	67	G4	4	107
6	6	22	22	1.0	1/2	1/2	4/4	2	1	1/4		1/4	1		2	50	D3	3	118
6	6	22	22	0.25	1/2	1/2	4/4	1	1	1/16		1/16	1		6	66	F#4	4	108
6	6	89/4	89/4	0.25	9/16	9/16	4/4	1	1	1/16		1/16	1		3	69	A4	4	109
6	6	45/2	45/2	0.25	5/8	5/8	4/4	1	1	1/16		1/16	1		7	61	C#4	4	110
6	6	91/4	91/4	0.25	11/16	11/16	4/4	1	1	1/16		1/16	1		2	62	D4	4	111
6	6	23	23	1.0	3/4	3/4	4/4	2	1	1/4		1/4	1		2	38	D2	2	119
6	6	93/4	93/4	0.25	13/16	13/16	4/4	1	1	1/16		1/16	1		3	57	A3	3	112
6	6	47/2	47/2	0.25	7/8	7/8	4/4	1	1	1/16		1/16	1		7	49	C#3	3	113
6	6	95/4	95/4	0.25	15/16	15/16	4/4	1	1	1/16		1/16	1		2	50	D3	3	114
7	7	24	24	1.0	0	0	4/4	2	1	1/4		1/4	1		9	51	D#3	3	134
7	7	24	24	0.25	0	0	4/4	1	1	1/16		1/16	1		6	78	F#5	5	120
7	7	97/4	97/4	0.25	1/16	1/16	4/4	1	1	1/16		1/16	1		9	75	D#5	5	121
7	7	49/2	49/2	0.25	1/8	1/8	4/4	1	1	1/16		1/16	1		10	70	A#4	4	122
7	7	99/4	99/4	0.25	3/16	3/16	4/4	1	1	1/16		1/16	1		5	71	B4	4	123
7	7	25	25	0.5	1/4	1/4	4/4	2	1	1/8		1/8	1		9	51	D#3	3	135
7	7	101/4	101/4	0.25	5/16	5/16	4/4	1	1	1/16		1/16	1		5	59	B3	3	124
7	7	51/2	51/2	0.5	3/8	3/8	4/4	2	1	1/8		1/8	1		9	51	D#3	3	136
7	7	51/2	51/2	0.25	3/8	3/8	4/4	1	1	1/16		1/16	1		6	66	F#4	4	125
7	7	103/4	103/4	0.25	7/16	7/16	4/4	1	1	1/16		1/16	1		3	69	A4	4	126
7	7	26	26	1.0	1/2	1/2	4/4	2	1	1/4		1/4	1		4	52	E3	3	137
7	7	26	26	0.25	1/2	1/2	4/4	1	1	1/16		1/16	1		8	68	G#4	4	127
7	7	105/4	105/4	0.25	9/16	9/16	4/4	1	1	1/16		1/16	1		5	71	B4	4	128
7	7	53/2	53/2	0.25	5/8	5/8	4/4	1	1	1/16		1/16	1		9	63	D#4	4	129
7	7	107/4	107/4	0.25	11/16	11/16	4/4	1	1	1/16		1/16	1		4	64	E4	4	130
7	7	27	27	1.0	3/4	3/4	4/4	2	1	1/4		1/4	1		4	40	E2	2	138
7	7	109/4	109/4	0.25	13/16	13/16	4/4	1	1	1/16		1/16	1		5	59	B3	3	131
7	7	55/2	55/2	0.25	7/8	7/8	4/4	1	1	1/16		1/16	1		9	51	D#3	3	132
7	7	111/4	111/4	0.25	15/16	15/16	4/4	1	1	1/16		1/16	1		4	52	E3	3	133
8	8	28	28	1.0	0	0	4/4	2	1	1/4		1/4	1		2	38	D2	2	160
8	8	28	28	1.0	0	0	4/4	2	1	1/4		1/4	1		2	50	D3	3	160
8	8	113/4	113/4	0.25	1/16	1/16	4/4	1	1	1/16		1/16	1		4	88	E6	6	139
8	8	57/2	57/2	0.25	1/8	1/8	4/4	1	1	1/16		1/16	1		8	80	G#5	5	140
8	8	115/4	115/4	0.25	3/16	3/16	4/4	1	1	1/16		1/16	1		5	83	B5	5	141
8	8	29	29	1.0	1/4	1/4	4/4	2	1	1/4		1/4	1		7	37	C#2	2	161
8	8	29	29	1.0	1/4	1/4	4/4	2	1	1/4		1/4	1		7	49	C#3	3	161
8	8	29	29	0.25	1/4	1/4	4/4	1	1	1/16		1/16	1		3	81	A5	5	142
8	8	117/4	117/4	0.25	5/16	5/16	4/4	1	1	1/16		1/16	1		4	76	E5	5	143
8	8	59/2	59/2	0.0	3/8	3/8	4/4	1	1	0	acciaccatura	1/8	1		2	74	D5	5	144
8	8	59/2	59/2	0.25	3/8	3/8	4/4	1	1	1/16		1/16	1		7	73	C#5	5	145
8	8	119/4	119/4	0.0	7/16	7/16	4/4	1	1	0	acciaccatura	1/8	1		5	71	B4	4	146
8	8	119/4	119/4	0.25	7/16	7/16	4/4	1	1	1/16		1/16	1		3	69	A4	4	147
8	8	30	30	0.0	1/2	1/2	4/4	1	1	0	acciaccatura	1/8	1		1	79	G5	5	148
8	8	30	30	0.5	1/2	1/2	4/4	1	1	1/8		1/8	1	1	6	78	F#5	5	149
8	8	61/2	61/2	0.5	5/8	5/8	4/4	2	1	1/8		1/8	1		2	50	D3	3	162
8	8	61/2	61/2	0.125	5/8	5/8	4/4	1	1	1/32		1/32	1	-1	6	78	F#5	5	150
8	8	245/8	245/8	0.125	21/32	21/32	4/4	1	1	1/32		1/32	1		9	75	D#5	5	151
8	8	123/4	123/4	0.125	11/16	11/16	4/4	1	1	1/32		1/32	1		10	70	A#4	4	152
8	8	247/8	247/8	0.125	23/32	23/32	4/4	1	1	1/32		1/32	1		5	71	B4	4	153
8	8	31	31	0.0	3/4	3/4	4/4	1	1	0	acciaccatura	1/8	1		3	81	A5	5	154
8	8	31	31	0.5	3/4	3/4	4/4	1	1	1/8		1/8	1	1	8	80	G#5	5	155
8	8	63/2	63/2	0.5	7/8	7/8	4/4	2	1	1/8		1/8	1		4	52	E3	3	163
8	8	63/2	63/2	0.125	7/8	7/8	4/4	1	1	1/32		1/32	1	-1	8	80	G#5	5	156
8	8	253/8	253/8	0.125	29/32	29/32	4/4	1	1	1/32		1/32	1		4	76	E5	5	157
8	8	127/4	127/4	0.125	15/16	15/16	4/4	1	1	1/32		1/32	1		0	72	C5	5	158
8	8	255/8	255/8	0.125	31/32	31/32	4/4	1	1	1/32		1/32	1		7	73	C#5	5	159
9	9	32	32	0.125	0	0	4/4	1	1	1/32		1/32	1		7	73	C#5	5	164
9	9	257/8	257/8	0.125	1/32	1/32	4/4	1	1	1/32		1/32	1		5	83	B5	5	165
9	9	129/4	129/4	0.25	1/16	1/16	4/4	1	1	1/16		1/16	1	1	3	81	A5	5	166
9	9	65/2	65/2	0.5	1/8	1/8	4/4	2	1	1/8		1/8	1		6	54	F#3	3	195
9	9	65/2	65/2	0.125	1/8	1/8	4/4	1	1	1/32		1/32	1	-1	3	81	A5	5	167
9	9	261/8	261/8	0.125	5/32	5/32	4/4	1	1	1/32		1/32	1		6	78	F#5	5	168
9	9	131/4	131/4	0.125	3/16	3/16	4/4	1	1	1/32		1/32	1		7	73	C#5	5	169
9	9	263/8	263/8	0.125	7/32	7/32	4/4	1	1	1/32		1/32	1		9	75	D#5	5	170
9	9	33	33	0.5	1/4	1/4	4/4	2	1	1/8		1/8	1		8	56	G#3	3	196
9	9	33	33	0.125	1/4	1/4	4/4	1	1	1/32		1/32	1		5	83	B5	5	171
9	9	265/8	265/8	0.125	9/32	9/32	4/4	1	1	1/32		1/32	1		8	80	G#5	5	172
9	9	133/4	133/4	0.125	5/16	5/16	4/4	1	1	1/32		1/32	1		9	75	D#5	5	173
9	9	267/8	267/8	0.125	11/32	11/32	4/4	1	1	1/32		1/32	1		4	76	E5	5	174
9	9	67/2	67/2	0.5	3/8	3/8	4/4	2	1	1/8		1/8	1		3	57	A3	3	197
9	9	67/2	67/2	0.125	3/8	3/8	4/4	1	1	1/32		1/32	1		7	85	C#6	6	175
9	9	269/8	269/8	0.125	13/32	13/32	4/4	1	1	1/32		1/32	1		3	81	A5	5	176
9	9	135/4	135/4	0.125	7/16	7/16	4/4	1	1	1/32		1/32	1		9	75	D#5	5	177
9	9	271/8	271/8	0.125	15/32	15/32	4/4	1	1	1/32		1/32	1		4	76	E5	5	178
9	9	34	34	1.0	1/2	1/2	4/4	2	1	1/4		1/4	1		5	59	B3	3	198
9	9	34	34	0.125	1/2	1/2	4/4	1	1	1/32		1/32	1		2	86	D6	6	179
9	9	273/8	273/8	0.125	17/32	17/32	4/4	1	1	1/32		1/32	1		7	85	C#6	6	180
9	9	137/4	137/4	0.125	9/16	9/16	4/4	1	1	1/32		1/32	1		2	86	D6	6	181
9	9	275/8	275/8	0.125	19/32	19/32	4/4	1	1	1/32		1/32	1		4	88	E6	6	182
9	9	69/2	69/2	0.125	5/8	5/8	4/4	1	1	1/32		1/32	1		2	86	D6	6	183
9	9	277/8	277/8	0.125	21/32	21/32	4/4	1	1	1/32		1/32	1		7	85	C#6	6	184
9	9	139/4	139/4	0.125	11/16	11/16	4/4	1	1	1/32		1/32	1		5	83	B5	5	185
9	9	279/8	279/8	0.125	23/32	23/32	4/4	1	1	1/32		1/32	1		10	82	A#5	5	186
9	9	35	35	1.0	3/4	3/4	4/4	2	1	1/4		1/4	1		8	56	G#3	3	199
9	9	35	35	0.125	3/4	3/4	4/4	1	1	1/32		1/32	1		7	85	C#6	6	187
9	9	281/8	281/8	0.125	25/32	25/32	4/4	1	1	1/32		1/32	1		5	83	B5	5	188
9	9	141/4	141/4	0.125	13/16	13/16	4/4	1	1	1/32		1/32	1		3	81	A5	5	189
9	9	283/8	283/8	0.125	27/32	27/32	4/4	1	1	1/32		1/32	1		8	80	G#5	5	190
9	9	71/2	71/2	0.125	7/8	7/8	4/4	1	1	1/32		1/32	1		6	78	F#5	5	191
9	9	285/8	285/8	0.125	29/32	29/32	4/4	1	1	1/32		1/32	1		4	76	E5	5	192
9	9	143/4	143/4	0.125	15/16	15/16	4/4	1	1	1/32		1/32	1		5	83	B5	5	193
9	9	287/8	287/8	0.125	31/32	31/32	4/4	1	1	1/32		1/32	1		2	74	D5	5	194
10	10	36	36	0.5	0	0	4/4	2	1	1/8		1/8	1		3	57	A3	3	217
10	10	36	36	0.125	0	0	4/4	1	1	1/32		1/32	1		7	73	C#5	5	200
10	10	289/8	289/8	0.125	1/32	1/32	4/4	1	1	1/32		1/32	1		4	76	E5	5	201
10	10	145/4	145/4	0.125	1/16	1/16	4/4	1	1	1/32		1/32	1		8	80	G#5	5	202
10	10	291/8	291/8	0.125	3/32	3/32	4/4	1	1	1/32		1/32	1		3	81	A5	5	203
10	10	73/2	73/2	0.5	1/8	1/8	4/4	2	1	1/8		1/8	1		2	50	D3	3	218
10	10	73/2	73/2	0.125	1/8	1/8	4/4	1	1	1/32		1/32	1		6	78	F#5	5	204
10	10	293/8	293/8	0.125	5/32	5/32	4/4	1	1	1/32		1/32	1		2	74	D5	5	205
10	10	147/4	147/4	0.125	3/16	3/16	4/4	1	1	1/32		1/32	1		7	73	C#5	5	206
10	10	295/8	295/8	0.125	7/32	7/32	4/4	1	1	1/32		1/32	1		5	71	B4	4	207
10	10	37	37	0.5	1/4	1/4	4/4	2	1	1/8		1/8	1		4	52	E3	3	219
10	10	37	37	0.75	1/4	1/4	4/4	1	1	3/16		1/8	3/2		5	71	B4	4	208
10	10	75/2	75/2	0.5	3/8	3/8	4/4	2	1	1/8		1/8	1		4	40	E2	2	220
10	10	151/4	151/4	0.125	7/16	7/16	4/4	1	1	1/32		1/32	1		3	69	A4	4	209
10	10	303/8	303/8	0.125	15/32	15/32	4/4	1	1	1/32		1/32	1		5	71	B4	4	210
10	10	38	38	1.0	1/2	1/2	4/4	2	1	1/4		1/4	1		3	45	A2	2	221
10	10	38	38	0.5	1/2	1/2	4/4	1	1	1/8		1/8	1		3	69	A4	4	211
10	10	77/2	77/2	0.5	5/8	5/8	4/4	1	1	1/8		1/8	1		4	76	E5	5	212
10	10	39	39	0.125	3/4	3/4	4/4	1	1	1/32		1/32	1		2	74	D5	5	213
10	10	313/8	313/8	0.375	25/32	25/32	4/4	1	1	3/32		1/16	3/2		0	72	C5	5	214
10	10	79/2	79/2	0.125	7/8	7/8	4/4	1	1	1/32		1/32	1		5	71	B4	4	215
10	10	317/8	317/8	0.375	29/32	29/32	4/4	1	1	3/32		1/16	3/2		3	69	A4	4	216
11	11	40	40	0.125	0	0	4/4	2	1	1/32		1/32	1		5	59	B3	3	229
11	11	40	40	1.0	0	0	4/4	1	1	1/4		1/4	1		8	68	G#4	4	222
11	11	321/8	321/8	0.125	1/32	1/32	4/4	2	1	1/32		1/32	1		8	56	G#3	3	230
11	11	161/4	161/4	0.125	1/16	1/16	4/4	2	1	1/32		1/32	1		9	51	D#3	3	231
11	11	323/8	323/8	0.125	3/32	3/32	4/4	2	1	1/32		1/32	1		4	52	E3	3	232
11	11	81/2	81/2	0.125	1/8	1/8	4/4	2	1	1/32		1/32	1		5	47	B2	2	233
11	11	325/8	325/8	0.125	5/32	5/32	4/4	2	1	1/32		1/32	1		4	52	E3	3	234
11	11	163/4	163/4	0.125	3/16	3/16	4/4	2	1	1/32		1/32	1		8	44	G#2	2	235
11	11	327/8	327/8	0.125	7/32	7/32	4/4	2	1	1/32		1/32	1		5	47	B2	2	236
11	11	41	41	1.0	1/4	1/4	4/4	2	1	1/4		1/4	1		4	40	E2	2	237
11	11	165/4	165/4	0.25	5/16	5/16	4/4	1	1	1/16		1/16	1		8	68	G#4	4	223
11	11	165/4	165/4	0.25	5/16	5/16	4/4	1	1	1/16		1/16	1		5	71	B4	4	223
11	11	83/2	83/2	0.25	3/8	3/8	4/4	1	1	1/16		1/16	1		5	71	B4	4	224
11	11	83/2	83/2	0.25	3/8	3/8	4/4	1	1	1/16		1/16	1		2	74	D5	5	224
11	11	167/4	167/4	0.25	7/16	7/16	4/4	1	1	1/16		1/16	1		3	69	A4	4	225
11	11	167/4	167/4	0.25	7/16	7/16	4/4	1	1	1/16		1/16	1		0	72	C5	5	225
11	11	42	42	0.125	1/2	1/2	4/4	2	1	1/32		1/32	1		0	60	C4	4	238
11	11	337/8	337/8	0.125	17/32	17/32	4/4	2	1	1/32		1/32	1		3	57	A3	3	239
11	11	169/4	169/4	0.125	9/16	9/16	4/4	2	1	1/32		1/32	1		9	51	D#3	3	240
11	11	339/8	339/8	0.125	19/32	19/32	4/4	2	1	1/32		1/32	1		4	52	E3	3	241
11	11	85/2	85/2	0.125	5/8	5/8	4/4	2	1	1/32		1/32	1		0	48	C3	3	242
11	11	341/8	341/8	0.125	21/32	21/32	4/4	2	1	1/32		1/32	1		4	52	E3	3	243
11	11	171/4	171/4	0.125	11/16	11/16	4/4	2	1	1/32		1/32	1		3	45	A2	2	244
11	11	343/8	343/8	0.125	23/32	23/32	4/4	2	1	1/32		1/32	1		0	48	C3	3	245
11	11	43	43	1.0	3/4	3/4	4/4	2	1	1/4		1/4	1		4	40	E2	2	246
11	11	173/4	173/4	0.25	13/16	13/16	4/4	1	1	1/16		1/16	1		3	69	A4	4	226
11	11	173/4	173/4	0.25	13/16	13/16	4/4	1	1	1/16		1/16	1		0	72	C5	5	226
11	11	87/2	87/2	0.25	7/8	7/8	4/4	1	1	1/16		1/16	1		0	72	C5	5	227
11	11	87/2	87/2	0.25	7/8	7/8	4/4	1	1	1/16		1/16	1		4	76	E5	5	227
11	11	175/4	175/4	0.25	15/16	15/16	4/4	1	1	1/16		1/16	1		5	71	B4	4	228
11	11	175/4	175/4	0.25	15/16	15/16	4/4	1	1	1/16		1/16	1		2	74	D5	5	228
12	12	44	44	0.125	0	0	4/4	2	1	1/32		1/32	1		2	62	D4	4	253
12	12	353/8	353/8	0.125	1/32	1/32	4/4	2	1	1/32		1/32	1		5	59	B3	3	254
12	12	177/4	177/4	0.125	1/16	1/16	4/4	2	1	1/32		1/32	1		9	51	D#3	3	255
12	12	355/8	355/8	0.125	3/32	3/32	4/4	2	1	1/32		1/32	1		4	52	E3	3	256
12	12	89/2	89/2	0.125	1/8	1/8	4/4	2	1	1/32		1/32	1		5	47	B2	2	257
12	12	357/8	357/8	0.125	5/32	5/32	4/4	2	1	1/32		1/32	1		4	52	E3	3	258
12	12	179/4	179/4	0.125	3/16	3/16	4/4	2	1	1/32		1/32	1		8	44	G#2	2	259
12	12	359/8	359/8	0.125	7/32	7/32	4/4	2	1	1/32		1/32	1		5	47	B2	2	260
12	12	45	45	1.0	1/4	1/4	4/4	2	1	1/4		1/4	1	1	4	40	E2	2	261
12	12	181/4	181/4	0.25	5/16	5/16	4/4	1	1	1/16		1/16	1		5	71	B4	4	247
12	12	181/4	181/4	0.25	5/16	5/16	4/4	1	1	1/16		1/16	1		2	74	D5	5	247
12	12	91/2	91/2	0.25	3/8	3/8	4/4	1	1	1/16		1/16	1		2	74	D5	5	248
12	12	91/2	91/2	0.25	3/8	3/8	4/4	1	1	1/16		1/16	1		-1	77	F5	5	248
12	12	183/4	183/4	0.25	7/16	7/16	4/4	1	1	1/16		1/16	1		0	72	C5	5	249
12	12	183/4	183/4	0.25	7/16	7/16	4/4	1	1	1/16		1/16	1		4	76	E5	5	249
12	12	46	46	0.5	1/2	1/2	4/4	2	1	1/8		1/8	1	-1	4	40	E2	2	262
12	12	46	46	0.5	1/2	1/2	4/4	1	1	1/8		1/8	1		5	71	B4	4	250
12	12	46	46	0.5	1/2	1/2	4/4	1	1	1/8		1/8	1		2	74	D5	5	250
12	12	93/2	93/2	0.5	5/8	5/8	4/4	2	1	1/8		1/8	1		9	39	D#2	2	263
12	12	93/2	93/2	0.5	5/8	5/8	4/4	1	1	1/8		1/8	1		3	69	A4	4	251
12	12	93/2	93/2	0.5	5/8	5/8	4/4	1	1	1/8		1/8	1		0	72	C5	5	251
12	12	47	47	0.25	3/4	3/4	4/4	2	1	1/16		1/16	1		4	40	E2	2	264
12	12	47	47	0.5	3/4	3/4	4/4	1	1	1/8		1/8	1		8	68	G#4	4	252
12	12	47	47	0.5	3/4	3/4	4/4	1	1	1/8		1/8	1		5	71	B4	4	252
12	12	189/4	189/4	0.125	13/16	13/16	4/4	2	1	1/32		1/32	1		4	52	E3	3	265
12	12	379/8	379/8	0.125	27/32	27/32	4/4	2	1	1/32		1/32	1		6	54	F#3	3	266
12	12	95/2	95/2	0.25	7/8	7/8	4/4	2	1	1/16		1/16	1		4	52	E3	3	267
12	12	191/4	191/4	0.25	15/16	15/16	4/4	2	1	1/16		1/16	1		2	50	D3	3	268
13	13	48	48	2.0	0	0	4/4	2	1	1/2		1/2	1		7	49	C#3	3	299
13	13	48	48	0.125	0	0	4/4	1	1	1/32		1/32	1		4	88	E6	6	269
13	13	385/8	385/8	0.125	1/32	1/32	4/4	1	1	1/32		1/32	1		7	85	C#6	6	270
13	13	193/4	193/4	0.125	1/16	1/16	4/4	1	1	1/32		1/32	1		8	80	G#5	5	271
13	13	387/8	387/8	0.125	3/32	3/32	4/4	1	1	1/32		1/32	1		3	81	A5	5	272
13	13	97/2	97/2	0.125	1/8	1/8	4/4	1	1	1/32		1/32	1		4	76	E5	5	273
13	13	389/8	389/8	0.125	5/32	5/32	4/4	1	1	1/32		1/32	1		3	81	A5	5	274
13	13	195/4	195/4	0.125	3/16	3/16	4/4	1	1	1/32		1/32	1		7	73	C#5	5	275
13	13	391/8	391/8	0.125	7/32	7/32	4/4	1	1	1/32		1/32	1		4	76	E5	5	276
13	13	49	49	0.125	1/4	1/4	4/4	1	1	1/32		1/32	1		3	69	A4	4	277
13	13	393/8	393/8	0.125	9/32	9/32	4/4	1	1	1/32		1/32	1		7	73	C#5	5	278
13	13	197/4	197/4	0.125	5/16	5/16	4/4	1	1	1/32		1/32	1		4	64	E4	4	279
13	13	395/8	395/8	0.125	11/32	11/32	4/4	1	1	1/32		1/32	1		3	69	A4	4	280
13	13	99/2	99/2	0.125	3/8	3/8	4/4	1	1	1/32		1/32	1		7	61	C#4	4	281
13	13	397/8	397/8	0.125	13/32	13/32	4/4	1	1	1/32		1/32	1		4	64	E4	4	282
13	13	199/4	199/4	0.125	7/16	7/16	4/4	1	1	1/32		1/32	1		3	57	A3	3	283
13	13	399/8	399/8	0.125	15/32	15/32	4/4	1	1	1/32		1/32	1		1	67	G4	4	284
13	13	50	50	2.0	1/2	1/2	4/4	2	1	1/2		1/2	1		2	50	D3	3	300
13	13	50	50	0.125	1/2	1/2	4/4	1	1	1/32		1/32	1		6	66	F#4	4	285
13	13	401/8	401/8	0.125	17/32	17/32	4/4	1	1	1/32		1/32	1		2	62	D4	4	286
13	13	201/4	201/4	0.125	9/16	9/16	4/4	1	1	1/32		1/32	1		8	56	G#3	3	287
13	13	403/8	403/8	0.125	19/32	19/32	4/4	1	1	1/32		1/32	1		3	57	A3	3	288
13	13	101/2	101/2	0.125	5/8	5/8	4/4	1	1	1/32		1/32	1		6	66	F#4	4	289
13	13	405/8	405/8	0.125	21/32	21/32	4/4	1	1	1/32		1/32	1		2	62	D4	4	290
13	13	203/4	203/4	0.125	11/16	11/16	4/4	1	1	1/32		1/32	1		3	69	A4	4	291
13	13	407/8	407/8	0.125	23/32	23/32	4/4	1	1	1/32		1/32	1		6	66	F#4	4	292
13	13	51	51	0.125	3/4	3/4	4/4	1	1	1/32		1/32	1		2	74	D5	5	293
13	13	409/8	409/8	0.125	25/32	25/32	4/4	1	1	1/32		1/32	1		3	69	A4	4	294
13	13	205/4	205/4	0.125	13/16	13/16	4/4	1	1	1/32		1/32	1		6	78	F#5	5	295
13	13	411/8	411/8	0.125	27/32	27/32	4/4	1	1	1/32		1/32	1		2	74	D5	5	296
13	13	103/2	103/2	0.375	7/8	7/8	4/4	1	1	3/32		1/16	3/2		3	81	A5	5	297
13	13	415/8	415/8	0.125	31/32	31/32	4/4	1	1	1/32		1/32	1		3	69	A4	4	298
13	13	415/8	415/8	0.125	31/32	31/32	4/4	1	1	1/32		1/32	1		7	73	C#5	5	298
14	14	52	52	0.75	0	0	4/4	1	1	3/16		1/8	3/2		3	69	A4	4	301
14	14	52	52	0.75	0	0	4/4	1	1	3/16		1/8	3/2		7	73	C#5	5	301
14	14	105/2	105/2	0.5	1/8	1/8	4/4	2	1	1/8		1/8	1		9	39	D#2	2	307
14	14	211/4	211/4	0.125	3/16	3/16	4/4	1	1	1/32		1/32	1		7	73	C#5	5	302
14	14	211/4	211/4	0.125	3/16	3/16	4/4	1	1	1/32		1/32	1		4	76	E5	5	302
14	14	423/8	423/8	0.125	7/32	7/32	4/4	1	1	1/32		1/32	1		5	71	B4	4	303
14	14	423/8	423/8	0.125	7/32	7/32	4/4	1	1	1/32		1/32	1		2	74	D5	5	303
14	14	53	53	0.5	1/4	1/4	4/4	2	1	1/8		1/8	1		4	40	E2	2	308
14	14	53	53	0.5	1/4	1/4	4/4	1	1	1/8		1/8	1		3	69	A4	4	304
14	14	53	53	0.5	1/4	1/4	4/4	1	1	1/8		1/8	1		7	73	C#5	5	304
14	14	107/2	107/2	0.5	3/8	3/8	4/4	2	1	1/8		1/8	1		4	40	E2	2	309
14	14	107/2	107/2	0.5	3/8	3/8	4/4	1	1	1/8		1/8	1		8	68	G#4	4	305
14	14	107/2	107/2	0.5	3/8	3/8	4/4	1	1	1/8		1/8	1		5	71	B4	4	305
14	14	54	54	0.5	1/2	1/2	4/4	2	1	1/8		1/8	1		3	45	A2	2	310
14	14	54	54	1.0	1/2	1/2	4/4	1	1	1/4		1/4	1		3	69	A4	4	306
14	14	109/2	109/2	0.375	5/8	5/8	4/4	2	1	3/32		1/16	3/2		3	57	A3	3	311
14	14	439/8	439/8	0.125	23/32	23/32	4/4	2	1	1/32		1/32	1		5	59	B3	3	312
14	14	55	55	0.375	3/4	3/4	4/4	2	1	3/32		1/16	3/2		7	61	C#4	4	313
14	14	443/8	443/8	0.125	27/32	27/32	4/4	2	1	1/32		1/32	1		5	59	B3	3	314
14	14	111/2	111/2	0.375	7/8	7/8	4/4	2	1	3/32		1/16	3/2		3	57	A3	3	315
14	14	447/8	447/8	0.125	31/32	31/32	4/4	2	1	1/32		1/32	1		8	56	G#3	3	316
15	15	56	56	1.0	0	0	4/4	2	1	1/4		1/4	1		6	54	F#3	3	327
15	15	56	56	1.0	0	0	4/4	2	1	1/4		1/4	1		3	57	A3	3	327
15	15	56	56	0.5	0	0	4/4	1	1	1/8		1/8	1		7	73	C#5	5	317
15	15	113/2	113/2	0.25	1/8	1/8	4/4	1	1	1/16		1/16	1		3	81	A5	5	318
15	15	227/4	227/4	0.25	3/16	3/16	4/4	1	1	1/16		1/16	1		11	77	E#5	5	319
15	15	57	57	0.125	1/4	1/4	4/4	1	1	1/32		1/32	1		8	80	G#5	5	320
15	15	457/8	457/8	0.375	9/32	9/32	4/4	1	1	3/32		1/16	3/2		6	78	F#5	5	321
15	15	115/2	115/2	0.125	3/8	3/8	4/4	1	1	1/32		1/32	1		4	76	E5	5	322
15	15	461/8	461/8	0.375	13/32	13/32	4/4	1	1	3/32		1/16	3/2		2	74	D5	5	323
15	15	58	58	1.0	1/2	1/2	4/4	1	1	1/4		1/4	1		7	73	C#5	5	324
15	15	117/2	117/2	0.5	5/8	5/8	4/4	2	1	1/8		1/8	1		8	56	G#3	3	328
15	15	117/2	117/2	0.5	5/8	5/8	4/4	2	1	1/8		1/8	1		11	65	E#4	4	328
15	15	59	59	0.5	3/4	3/4	4/4	2	1	1/8		1/8	1		8	56	G#3	3	329
15	15	59	59	0.5	3/4	3/4	4/4	2	1	1/8		1/8	1		11	65	E#4	4	329
15	15	59	59	0.5	3/4	3/4	4/4	1	1	1/8		1/8	1		5	71	B4	4	325
15	15	119/2	119/2	0.5	7/8	7/8	4/4	2	1	1/8		1/8	1		8	56	G#3	3	330
15	15	119/2	119/2	0.5	7/8	7/8	4/4	2	1	1/8		1/8	1		11	65	E#4	4	330
15	15	479/8	479/8	0.125	31/32	31/32	4/4	1	1	1/32		1/32	1		5	83	B5	5	326
16	16	60	60	0.5	0	0	4/4	1	1	1/8		1/8	1	1	5	83	B5	5	331
16	16	121/2	121/2	0.5	1/8	1/8	4/4	2	1	1/8		1/8	1		11	53	E#3	3	344
16	16	121/2	121/2	0.5	1/8	1/8	4/4	2	1	1/8		1/8	1		8	56	G#3	3	344
16	16	121/2	121/2	0.375	1/8	1/8	4/4	1	1	3/32		1/16	3/2	-1	5	83	B5	5	332
16	16	487/8	487/8	0.125	7/32	7/32	4/4	1	1	1/32		1/32	1		2	86	D6	6	333
16	16	61	61	0.5	1/4	1/4	4/4	2	1	1/8		1/8	1		11	53	E#3	3	345
16	16	61	61	0.5	1/4	1/4	4/4	2	1	1/8		1/8	1		8	56	G#3	3	345
16	16	61	61	0.125	1/4	1/4	4/4	1	1	1/32		1/32	1		7	85	C#6	6	334
16	16	489/8	489/8	0.375	9/32	9/32	4/4	1	1	3/32		1/16	3/2		5	83	B5	5	335
16	16	123/2	123/2	0.5	3/8	3/8	4/4	2	1	1/8		1/8	1		11	53	E#3	3	346
16	16	123/2	123/2	0.5	3/8	3/8	4/4	2	1	1/8		1/8	1		7	61	C#4	4	346
16	16	123/2	123/2	0.125	3/8	3/8	4/4	1	1	1/32		1/32	1		3	81	A5	5	336
16	16	493/8	493/8	0.375	13/32	13/32	4/4	1	1	3/32		1/16	3/2		8	80	G#5	5	337
16	16	62	62	1.0	1/2	1/2	4/4	2	1	1/4		1/4	1		3	45	A2	2	347
16	16	62	62	0.25	1/2	1/2	4/4	1	1	1/16		1/16	1		7	85	C#6	6	338
16	16	249/4	249/4	0.25	9/16	9/16	4/4	1	1	1/16		1/16	1		3	81	A5	5	339
16	16	125/2	125/2	0.25	5/8	5/8	4/4	1	1	1/16		1/16	1		11	77	E#5	5	340
16	16	251/4	251/4	0.25	11/16	11/16	4/4	1	1	1/16		1/16	1		6	78	F#5	5	341
16	16	63	63	0.5	3/4	3/4	4/4	2	1	1/8		1/8	1		3	57	A3	3	348
16	16	127/2	127/2	0.5	7/8	7/8	4/4	2	1	1/8		1/8	1		3	57	A3	3	349
16	16	127/2	127/2	0.5	7/8	7/8	4/4	2	1	1/8		1/8	1		7	61	C#4	4	349
16	16	127/2	127/2	0.375	7/8	7/8	4/4	1	1	3/32		1/16	3/2		6	66	F#4	4	342
16	16	511/8	511/8	0.125	31/32	31/32	4/4	1	1	1/32		1/32	1		6	78	F#5	5	343
17	17	64	64	0.5	0	0	4/4	2	1	1/8		1/8	1		5	59	B3	3	366
17	17	64	64	0.5	0	0	4/4	2	1	1/8		1/8	1		2	62	D4	4	366
17	17	64	64	0.5	0	0	4/4	1	1	1/8		1/8	1	1	3	69	A4	4	350
17	17	129/2	129/2	0.5	1/8	1/8	4/4	2	1	1/8		1/8	1		5	59	B3	3	367
17	17	129/2	129/2	0.5	1/8	1/8	4/4	2	1	1/8		1/8	1		2	62	D4	4	367
17	17	129/2	129/2	0.125	1/8	1/8	4/4	1	1	1/32		1/32	1	-1	3	69	A4	4	351
17	17	517/8	517/8	0.125	5/32	5/32	4/4	1	1	1/32		1/32	1		13	67	F##4	4	352
17	17	259/4	259/4	0.125	3/16	3/16	4/4	1	1	1/32		1/32	1		8	68	G#4	4	353
17	17	519/8	519/8	0.125	7/32	7/32	4/4	1	1	1/32		1/32	1		4	76	E5	5	354
17	17	65	65	0.5	1/4	1/4	4/4	2	1	1/8		1/8	1		7	61	C#4	4	368
17	17	65	65	0.5	1/4	1/4	4/4	1	1	1/8		1/8	1	1	6	66	F#4	4	355
17	17	131/2	131/2	0.5	3/8	3/8	4/4	2	1	1/8		1/8	1		7	49	C#3	3	369
17	17	131/2	131/2	0.25	3/8	3/8	4/4	1	1	1/16		1/16	1	-1	6	66	F#4	4	356
17	17	263/4	263/4	0.125	7/16	7/16	4/4	1	1	1/32		1/32	1		11	65	E#4	4	357
17	17	527/8	527/8	0.125	15/32	15/32	4/4	1	1	1/32		1/32	1	1	5	71	B4	4	358
17	17	66	66	0.5	1/2	1/2	4/4	2	1	1/8		1/8	1		6	42	F#2	2	370
17	17	66	66	0.25	1/2	1/2	4/4	1	1	1/16		1/16	1	-1	5	71	B4	4	359
17	17	265/4	265/4	0.0625	9/16	9/16	4/4	1	1	1/64		1/64	1		3	69	A4	4	360
17	17	1061/16	1061/16	0.0625	37/64	37/64	4/4	1	1	1/64		1/64	1		8	68	G#4	4	361
17	17	531/8	531/8	0.0625	19/32	19/32	4/4	1	1	1/64		1/64	1		6	66	F#4	4	362
17	17	1063/16	1063/16	0.0625	39/64	39/64	4/4	1	1	1/64		1/64	1		8	68	G#4	4	363
17	17	133/2	133/2	0.375	5/8	5/8	4/4	2	1	3/32		1/16	3/2		3	45	A2	2	371
17	17	133/2	133/2	0.5	5/8	5/8	4/4	1	1	1/8		1/8	1		6	66	F#4	4	364
17	17	535/8	535/8	0.125	23/32	23/32	4/4	2	1	1/32		1/32	1		7	49	C#3	3	372
17	17	67	67	0.5	3/4	3/4	4/4	2	1	1/8		1/8	1		6	54	F#3	3	373
17	17	135/2	135/2	0.5	7/8	7/8	4/4	1	1	1/8		1/8	1		7	73	C#5	5	365
18	18	68	68	1.0	0	0	4/4	1	1	1/4		1/4	1	1	3	81	A5	5	374
18	18	137/2	137/2	0.5	1/8	1/8	4/4	2	2	1/8		1/8	1		6	54	F#3	3	392
18	18	69	69	0.5	1/4	1/4	4/4	2	2	1/8		1/8	1		6	54	F#3	3	393
18	18	69	69	0.25	1/4	1/4	4/4	1	1	1/16		1/16	1	-1	3	81	A5	5	375
18	18	277/4	277/4	0.125	5/16	5/16	4/4	1	1	1/32		1/32	1		5	83	B5	5	376
18	18	555/8	555/8	0.125	11/32	11/32	4/4	1	1	1/32		1/32	1		7	85	C#6	6	377
18	18	139/2	139/2	0.5	3/8	3/8	4/4	2	2	1/8		1/8	1		6	54	F#3	3	394
18	18	139/2	139/2	0.5	3/8	3/8	4/4	2	1	1/8		1/8	1	1	2	62	D4	4	388
18	18	139/2	139/2	0.125	3/8	3/8	4/4	1	1	1/32		1/32	1		4	88	E6	6	378
18	18	557/8	557/8	0.125	13/32	13/32	4/4	1	1	1/32		1/32	1		2	86	D6	6	379
18	18	279/4	279/4	0.125	7/16	7/16	4/4	1	1	1/32		1/32	1		7	85	C#6	6	380
18	18	559/8	559/8	0.125	15/32	15/32	4/4	1	1	1/32		1/32	1		5	83	B5	5	381
18	18	70	70	1.0	1/2	1/2	4/4	2	2	1/4		1/4	1		4	52	E3	3	395
18	18	70	70	0.5	1/2	1/2	4/4	2	1	1/8		1/8	1	-1	2	62	D4	4	389
18	18	70	70	0.5	1/2	1/2	4/4	1	1	1/8		1/8	1		3	81	A5	5	382
18	18	141/2	141/2	0.5	5/8	5/8	4/4	2	1	1/8		1/8	1		7	61	C#4	4	390
18	18	141/2	141/2	0.16666666666666666	5/8	5/8	4/4	1	1	1/24		1/16	2/3		1	79	G5	5	383
18	18	212/3	212/3	0.16666666666666666	2/3	2/3	4/4	1	1	1/24		1/16	2/3		6	78	F#5	5	384
18	18	425/6	425/6	0.16666666666666666	17/24	17/24	4/4	1	1	1/24		1/16	2/3		1	79	G5	5	385
18	18	71	71	0.5	3/4	3/4	4/4	2	2	1/8		1/8	1		2	50	D3	3	396
18	18	71	71	0.5	3/4	3/4	4/4	2	1	1/8		1/8	1		2	62	D4	4	391
18	18	71	71	0.5	3/4	3/4	4/4	1	1	1/8		1/8	1		6	78	F#5	5	386
18	18	143/2	143/2	0.5	7/8	7/8	4/4	1	1	1/8		1/8	1		6	66	F#4	4	387
18	18	143/2	143/2	0.5	7/8	7/8	4/4	1	1	1/8		1/8	1		1	67	G4	4	387
19	19	72	72	1.0	0	0	4/4	1	1	1/4		1/4	1	1	6	78	F#5	5	397
19	19	145/2	145/2	0.5	1/8	1/8	4/4	2	2	1/8		1/8	1		2	50	D3	3	416
19	19	73	73	0.5	1/4	1/4	4/4	2	2	1/8		1/8	1		2	50	D3	3	417
19	19	73	73	0.25	1/4	1/4	4/4	1	1	1/16		1/16	1	-1	6	78	F#5	5	398
19	19	293/4	293/4	0.25	5/16	5/16	4/4	1	1	1/16		1/16	1		10	82	A#5	5	399
19	19	147/2	147/2	0.5	3/8	3/8	4/4	2	2	1/8		1/8	1		2	50	D3	3	418
19	19	147/2	147/2	1.0	3/8	3/8	4/4	2	1	1/4		1/4	1		5	59	B3	3	413
19	19	147/2	147/2	0.125	3/8	3/8	4/4	1	1	1/32		1/32	1		7	85	C#6	6	400
19	19	589/8	589/8	0.125	13/32	13/32	4/4	1	1	1/32		1/32	1		5	83	B5	5	401
19	19	295/4	295/4	0.125	7/16	7/16	4/4	1	1	1/32		1/32	1		3	81	A5	5	402
19	19	591/8	591/8	0.125	15/32	15/32	4/4	1	1	1/32		1/32	1		1	79	G5	5	403
19	19	74	74	1.0	1/2	1/2	4/4	2	2	1/4		1/4	1		7	49	C#3	3	419
19	19	74	74	0.5	1/2	1/2	4/4	1	1	1/8		1/8	1		6	78	F#5	5	404
19	19	149/2	149/2	0.5	5/8	5/8	4/4	2	1	1/8		1/8	1		10	58	A#3	3	414
19	19	149/2	149/2	0.16666666666666666	5/8	5/8	4/4	1	1	1/24		1/16	2/3		4	76	E5	5	405
19	19	224/3	224/3	0.16666666666666666	2/3	2/3	4/4	1	1	1/24		1/16	2/3		2	74	D5	5	406
19	19	449/6	449/6	0.16666666666666666	17/24	17/24	4/4	1	1	1/24		1/16	2/3		4	76	E5	5	407
19	19	75	75	0.5	3/4	3/4	4/4	2	2	1/8		1/8	1		5	47	B2	2	420
19	19	75	75	0.5	3/4	3/4	4/4	2	1	1/8		1/8	1		5	59	B3	3	415
19	19	75	75	0.5	3/4	3/4	4/4	1	1	1/8		1/8	1		2	74	D5	5	408
19	19	151/2	151/2	0.125	7/8	7/8	4/4	1	1	1/32		1/32	1		6	78	F#5	5	409
19	19	605/8	605/8	0.125	29/32	29/32	4/4	1	1	1/32		1/32	1		2	74	D5	5	410
19	19	303/4	303/4	0.125	15/16	15/16	4/4	1	1	1/32		1/32	1		10	70	A#4	4	411
19	19	607/8	607/8	0.125	31/32	31/32	4/4	1	1	1/32		1/32	1		5	71	B4	4	412
20	20	76	76	0.5	0	0	4/4	2	1	1/8		1/8	1		4	40	E2	2	447
20	20	609/8	609/8	0.125	1/32	1/32	4/4	1	1	1/32		1/32	1		3	57	A3	3	421
20	20	305/4	305/4	0.125	1/16	1/16	4/4	1	1	1/32		1/32	1		8	56	G#3	3	422
20	20	611/8	611/8	0.125	3/32	3/32	4/4	1	1	1/32		1/32	1		6	54	F#3	3	423
20	20	153/2	153/2	0.5	1/8	1/8	4/4	2	1	1/8		1/8	1		4	40	E2	2	448
20	20	153/2	153/2	0.125	1/8	1/8	4/4	1	1	1/32		1/32	1		8	56	G#3	3	424
20	20	613/8	613/8	0.125	5/32	5/32	4/4	1	1	1/32		1/32	1		5	59	B3	3	425
20	20	307/4	307/4	0.125	3/16	3/16	4/4	1	1	1/32		1/32	1		4	52	E3	3	426
20	20	615/8	615/8	0.125	7/32	7/32	4/4	1	1	1/32		1/32	1		2	62	D4	4	427
20	20	77	77	0.5	1/4	1/4	4/4	2	1	1/8		1/8	1		3	45	A2	2	449
20	20	77	77	0.25	1/4	1/4	4/4	1	1	1/16		1/16	1		12	60	B#3	3	428
20	20	309/4	309/4	0.25	5/16	5/16	4/4	1	1	1/16		1/16	1		7	61	C#4	4	429
20	20	155/2	155/2	0.125	3/8	3/8	4/4	1	1	1/32		1/32	1		4	76	E5	5	430
20	20	621/8	621/8	0.125	13/32	13/32	4/4	1	1	1/32		1/32	1		7	73	C#5	5	431
20	20	311/4	311/4	0.125	7/16	7/16	4/4	1	1	1/32		1/32	1		8	68	G#4	4	432
20	20	623/8	623/8	0.125	15/32	15/32	4/4	1	1	1/32		1/32	1		3	69	A4	4	433
20	20	78	78	0.5	1/2	1/2	4/4	2	1	1/8		1/8	1		2	38	D2	2	450
20	20	625/8	625/8	0.125	17/32	17/32	4/4	1	1	1/32		1/32	1		8	56	G#3	3	434
20	20	313/4	313/4	0.125	9/16	9/16	4/4	1	1	1/32		1/32	1		6	54	F#3	3	435
20	20	627/8	627/8	0.125	19/32	19/32	4/4	1	1	1/32		1/32	1		11	53	E#3	3	436
20	20	157/2	157/2	0.5	5/8	5/8	4/4	2	1	1/8		1/8	1		2	38	D2	2	451
20	20	157/2	157/2	0.125	5/8	5/8	4/4	1	1	1/32		1/32	1		6	54	F#3	3	437
20	20	629/8	629/8	0.125	21/32	21/32	4/4	1	1	1/32		1/32	1		3	57	A3	3	438
20	20	315/4	315/4	0.125	11/16	11/16	4/4	1	1	1/32		1/32	1		2	50	D3	3	439
20	20	631/8	631/8	0.125	23/32	23/32	4/4	1	1	1/32		1/32	1		7	61	C#4	4	440
20	20	79	79	0.5	3/4	3/4	4/4	2	1	1/8		1/8	1		8	44	G#2	2	452
20	20	79	79	0.25	3/4	3/4	4/4	1	1	1/16		1/16	1		10	58	A#3	3	441
20	20	317/4	317/4	0.25	13/16	13/16	4/4	1	1	1/16		1/16	1		5	59	B3	3	442
20	20	159/2	159/2	0.125	7/8	7/8	4/4	1	1	1/32		1/32	1		2	74	D5	5	443
20	20	637/8	637/8	0.125	29/32	29/32	4/4	1	1	1/32		1/32	1		5	71	B4	4	444
20	20	319/4	319/4	0.125	15/16	15/16	4/4	1	1	1/32		1/32	1		1	67	G4	4	445
20	20	639/8	639/8	0.125	31/32	31/32	4/4	1	1	1/32		1/32	1		8	68	G#4	4	446
21	21	80	80	0.5	0	0	4/4	2	1	1/8		1/8	1		7	37	C#2	2	470
21	21	641/8	641/8	0.125	1/32	1/32	4/4	1	1	1/32		1/32	1		6	54	F#3	3	453
21	21	321/4	321/4	0.125	1/16	1/16	4/4	1	1	1/32		1/32	1		11	53	E#3	3	454
21	21	643/8	643/8	0.125	3/32	3/32	4/4	1	1	1/32		1/32	1		9	51	D#3	3	455
21	21	161/2	161/2	0.5	1/8	1/8	4/4	2	1	1/8		1/8	1		7	37	C#2	2	471
21	21	161/2	161/2	0.125	1/8	1/8	4/4	1	1	1/32		1/32	1		11	53	E#3	3	456
21	21	645/8	645/8	0.125	5/32	5/32	4/4	1	1	1/32		1/32	1		8	56	G#3	3	457
21	21	323/4	323/4	0.125	3/16	3/16	4/4	1	1	1/32		1/32	1		7	49	C#3	3	458
21	21	647/8	647/8	0.125	7/32	7/32	4/4	1	1	1/32		1/32	1		5	59	B3	3	459
21	21	81	81	0.5	1/4	1/4	4/4	2	1	1/8		1/8	1		6	42	F#2	2	472
21	21	81	81	0.125	1/4	1/4	4/4	1	1	1/32		1/32	1		5	59	B3	3	460
21	21	649/8	649/8	0.125	9/32	9/32	4/4	1	1	1/32		1/32	1		3	57	A3	3	461
21	21	325/4	325/4	0.125	5/16	5/16	4/4	1	1	1/32		1/32	1		6	66	F#4	4	462
21	21	651/8	651/8	0.125	11/32	11/32	4/4	1	1	1/32		1/32	1		7	61	C#4	4	463
21	21	163/2	163/2	0.5	3/8	3/8	4/4	2	1	1/8		1/8	1		5	35	B1	1	473
21	21	163/2	163/2	0.125	3/8	3/8	4/4	1	1	1/32		1/32	1		4	64	E4	4	464
21	21	653/8	653/8	0.125	13/32	13/32	4/4	1	1	1/32		1/32	1		2	62	D4	4	465
21	21	327/4	327/4	0.125	7/16	7/16	4/4	1	1	1/32		1/32	1		5	59	B3	3	466
21	21	655/8	655/8	0.125	15/32	15/32	4/4	1	1	1/32		1/32	1		8	56	G#3	3	467
21	21	82	82	0.5	1/2	1/2	4/4	1	1	1/8		1/8	1		6	54	F#3	3	468
21	21	165/2	165/2	0.125	5/8	5/8	4/4	2	1	1/32		1/32	1		8	44	G#2	2	474
21	21	165/2	165/2	0.5	5/8	5/8	4/4	1	1	1/8		1/8	1		11	53	E#3	3	469
21	21	661/8	661/8	0.125	21/32	21/32	4/4	2	1	1/32		1/32	1		11	41	E#2	2	475
21	21	331/4	331/4	0.125	11/16	11/16	4/4	2	1	1/32		1/32	1		12	36	B#1	1	476
21	21	663/8	663/8	0.125	23/32	23/32	4/4	2	1	1/32		1/32	1		7	37	C#2	2	477
21	21	83	83	0.125	3/4	3/4	4/4	2	1	1/32		1/32	1		8	44	G#2	2	478
21	21	665/8	665/8	0.125	25/32	25/32	4/4	2	1	1/32		1/32	1		11	41	E#2	2	479
21	21	333/4	333/4	0.125	13/16	13/16	4/4	2	1	1/32		1/32	1		7	37	C#2	2	480
21	21	667/8	667/8	0.125	27/32	27/32	4/4	2	1	1/32		1/32	1		5	47	B2	2	481
21	21	167/2	167/2	0.125	7/8	7/8	4/4	2	1	1/32		1/32	1		8	44	G#2	2	482
21	21	669/8	669/8	0.125	29/32	29/32	4/4	2	1	1/32		1/32	1		2	50	D3	3	483
21	21	335/4	335/4	0.125	15/16	15/16	4/4	2	1	1/32		1/32	1		7	49	C#3	3	484
21	21	671/8	671/8	0.125	31/32	31/32	4/4	2	1	1/32		1/32	1		5	47	B2	2	485
22	22	84	84	1.0	0	0	4/4	2	1	1/4		1/4	1		3	45	A2	2	500
22	22	84	84	0.25	0	0	4/4	1	1	1/16		1/16	1		7	85	C#6	6	486
22	22	337/4	337/4	0.25	1/16	1/16	4/4	1	1	1/16		1/16	1		3	81	A5	5	487
22	22	169/2	169/2	0.25	1/8	1/8	4/4	1	1	1/16		1/16	1		11	77	E#5	5	488
22	22	339/4	339/4	0.25	3/16	3/16	4/4	1	1	1/16		1/16	1		6	78	F#5	5	489
22	22	85	85	0.5	1/4	1/4	4/4	2	1	1/8		1/8	1		10	58	A#3	3	501
22	22	341/4	341/4	0.25	5/16	5/16	4/4	1	1	1/16		1/16	1		6	66	F#4	4	490
22	22	171/2	171/2	0.5	3/8	3/8	4/4	2	1	1/8		1/8	1		10	58	A#3	3	502
22	22	171/2	171/2	0.25	3/8	3/8	4/4	1	1	1/16		1/16	1		7	73	C#5	5	491
22	22	343/4	343/4	0.25	7/16	7/16	4/4	1	1	1/16		1/16	1		4	76	E5	5	492
22	22	86	86	1.0	1/2	1/2	4/4	2	1	1/4		1/4	1		5	59	B3	3	503
22	22	86	86	0.25	1/2	1/2	4/4	1	1	1/16		1/16	1		2	74	D5	5	493
22	22	345/4	345/4	0.25	9/16	9/16	4/4	1	1	1/16		1/16	1		6	78	F#5	5	494
22	22	173/2	173/2	0.25	5/8	5/8	4/4	1	1	1/16		1/16	1		10	70	A#4	4	495
22	22	347/4	347/4	0.25	11/16	11/16	4/4	1	1	1/16		1/16	1		5	71	B4	4	496
22	22	87	87	1.0	3/4	3/4	4/4	2	1	1/4		1/4	1		5	47	B2	2	504
22	22	349/4	349/4	0.25	13/16	13/16	4/4	1	1	1/16		1/16	1		6	66	F#4	4	497
22	22	175/2	175/2	0.25	7/8	7/8	4/4	1	1	1/16		1/16	1		10	58	A#3	3	498
22	22	351/4	351/4	0.25	15/16	15/16	4/4	1	1	1/16		1/16	1		5	59	B3	3	499
23	23	88	88	1.0	0	0	4/4	2	1	1/4		1/4	1		12	48	B#2	2	519
23	23	88	88	0.25	0	0	4/4	1	1	1/16		1/16	1		9	87	D#6	6	505
23	23	353/4	353/4	0.25	1/16	1/16	4/4	1	1	1/16		1/16	1		12	84	B#5	5	506
23	23	177/2	177/2	0.25	1/8	1/8	4/4	1	1	1/16		1/16	1		13	79	F##5	5	507
23	23	355/4	355/4	0.25	3/16	3/16	4/4	1	1	1/16		1/16	1		8	80	G#5	5	508
23	23	89	89	0.5	1/4	1/4	4/4	2	1	1/8		1/8	1		12	60	B#3	3	520
23	23	357/4	357/4	0.25	5/16	5/16	4/4	1	1	1/16		1/16	1		8	68	G#4	4	509
23	23	179/2	179/2	0.5	3/8	3/8	4/4	2	1	1/8		1/8	1		12	60	B#3	3	521
23	23	179/2	179/2	0.25	3/8	3/8	4/4	1	1	1/16		1/16	1		9	75	D#5	5	510
23	23	359/4	359/4	0.25	7/16	7/16	4/4	1	1	1/16		1/16	1		6	78	F#5	5	511
23	23	90	90	1.0	1/2	1/2	4/4	2	1	1/4		1/4	1		7	61	C#4	4	522
23	23	90	90	0.25	1/2	1/2	4/4	1	1	1/16		1/16	1		11	77	E#5	5	512
23	23	361/4	361/4	0.25	9/16	9/16	4/4	1	1	1/16		1/16	1		8	80	G#5	5	513
23	23	181/2	181/2	0.25	5/8	5/8	4/4	1	1	1/16		1/16	1		12	72	B#4	4	514
23	23	363/4	363/4	0.25	11/16	11/16	4/4	1	1	1/16		1/16	1		7	73	C#5	5	515
23	23	91	91	1.0	3/4	3/4	4/4	2	1	1/4		1/4	1		7	49	C#3	3	523
23	23	365/4	365/4	0.25	13/16	13/16	4/4	1	1	1/16		1/16	1		8	68	G#4	4	516
23	23	183/2	183/2	0.25	7/8	7/8	4/4	1	1	1/16		1/16	1		12	60	B#3	3	517
23	23	367/4	367/4	0.25	15/16	15/16	4/4	1	1	1/16		1/16	1		7	61	C#4	4	518
24	24	92	92	1.0	0	0	4/4	2	1	1/4		1/4	1		5	47	B2	2	543
24	24	92	92	1.0	0	0	4/4	2	1	1/4		1/4	1		5	59	B3	3	543
24	24	369/4	369/4	0.25	1/16	1/16	4/4	1	1	1/16		1/16	1		7	85	C#6	6	524
24	24	185/2	185/2	0.25	1/8	1/8	4/4	1	1	1/16		1/16	1		11	77	E#5	5	525
24	24	371/4	371/4	0.25	3/16	3/16	4/4	1	1	1/16		1/16	1		8	80	G#5	5	526
24	24	93	93	1.0	1/4	1/4	4/4	2	1	1/4		1/4	1		3	45	A2	2	544
24	24	93	93	1.0	1/4	1/4	4/4	2	1	1/4		1/4	1		3	57	A3	3	544
24	24	93	93	0.25	1/4	1/4	4/4	1	1	1/16		1/16	1		6	78	F#5	5	527
24	24	373/4	373/4	0.25	5/16	5/16	4/4	1	1	1/16		1/16	1		7	73	C#5	5	528
24	24	187/2	187/2	0.25	3/8	3/8	4/4	1	1	1/16		1/16	1		3	69	A4	4	529
24	24	375/4	375/4	0.25	7/16	7/16	4/4	1	1	1/16		1/16	1		6	66	F#4	4	530
24	24	94	94	0.25	1/2	1/2	4/4	1	1	1/16		1/16	1		4	76	E5	5	531
24	24	377/4	377/4	0.25	9/16	9/16	4/4	1	1	1/16		1/16	1	1	9	75	D#5	5	532
24	24	189/2	189/2	0.5	5/8	5/8	4/4	2	1	1/8		1/8	1		5	47	B2	2	545
24	24	189/2	189/2	0.125	5/8	5/8	4/4	1	1	1/32		1/32	1	-1	9	75	D#5	5	533
24	24	757/8	757/8	0.125	21/32	21/32	4/4	1	1	1/32		1/32	1		5	71	B4	4	534
24	24	379/4	379/4	0.125	11/16	11/16	4/4	1	1	1/32		1/32	1		1	67	G4	4	535
24	24	759/8	759/8	0.125	23/32	23/32	4/4	1	1	1/32		1/32	1		8	68	G#4	4	536
24	24	95	95	0.25	3/4	3/4	4/4	1	1	1/16		1/16	1		6	78	F#5	5	537
24	24	381/4	381/4	0.25	13/16	13/16	4/4	1	1	1/16		1/16	1	1	11	77	E#5	5	538
24	24	191/2	191/2	0.5	7/8	7/8	4/4	2	1	1/8		1/8	1		7	49	C#3	3	546
24	24	191/2	191/2	0.125	7/8	7/8	4/4	1	1	1/32		1/32	1	-1	11	77	E#5	5	539
24	24	765/8	765/8	0.125	29/32	29/32	4/4	1	1	1/32		1/32	1		7	73	C#5	5	540
24	24	383/4	383/4	0.125	15/16	15/16	4/4	1	1	1/32		1/32	1		8	68	G#4	4	541
24	24	767/8	767/8	0.125	31/32	31/32	4/4	1	1	1/32		1/32	1		3	69	A4	4	542
25	25	96	96	0.25	0	0	4/4	1	1	1/16		1/16	1		8	80	G#5	5	547
25	25	385/4	385/4	0.25	1/16	1/16	4/4	1	1	1/16		1/16	1	1	6	78	F#5	5	548
25	25	193/2	193/2	0.5	1/8	1/8	4/4	2	1	1/8		1/8	1		9	51	D#3	3	577
25	25	193/2	193/2	0.125	1/8	1/8	4/4	1	1	1/32		1/32	1	-1	6	78	F#5	5	549
25	25	773/8	773/8	0.125	5/32	5/32	4/4	1	1	1/32		1/32	1		9	75	D#5	5	550
25	25	387/4	387/4	0.125	3/16	3/16	4/4	1	1	1/32		1/32	1		10	70	A#4	4	551
25	25	775/8	775/8	0.125	7/32	7/32	4/4	1	1	1/32		1/32	1		12	72	B#4	4	552
25	25	97	97	0.5	1/4	1/4	4/4	2	1	1/8		1/8	1		11	53	E#3	3	578
25	25	97	97	0.125	1/4	1/4	4/4	1	1	1/32		1/32	1		3	81	A5	5	553
25	25	777/8	777/8	0.125	9/32	9/32	4/4	1	1	1/32		1/32	1		8	80	G#5	5	554
25	25	389/4	389/4	0.125	5/16	5/16	4/4	1	1	1/32		1/32	1		12	72	B#4	4	555
25	25	779/8	779/8	0.125	11/32	11/32	4/4	1	1	1/32		1/32	1		7	73	C#5	5	556
25	25	195/2	195/2	0.5	3/8	3/8	4/4	2	1	1/8		1/8	1		6	54	F#3	3	579
25	25	195/2	195/2	0.125	3/8	3/8	4/4	1	1	1/32		1/32	1		5	83	B5	5	557
25	25	781/8	781/8	0.125	13/32	13/32	4/4	1	1	1/32		1/32	1		3	81	A5	5	558
25	25	391/4	391/4	0.125	7/16	7/16	4/4	1	1	1/32		1/32	1		12	72	B#4	4	559
25	25	783/8	783/8	0.125	15/32	15/32	4/4	1	1	1/32		1/32	1		7	73	C#5	5	560
25	25	98	98	1.0	1/2	1/2	4/4	2	1	1/4		1/4	1		8	56	G#3	3	580
25	25	98	98	0.125	1/2	1/2	4/4	1	1	1/32		1/32	1		5	83	B5	5	561
25	25	785/8	785/8	0.125	17/32	17/32	4/4	1	1	1/32		1/32	1		10	82	A#5	5	562
25	25	393/4	393/4	0.125	9/16	9/16	4/4	1	1	1/32		1/32	1		7	85	C#6	6	563
25	25	787/8	787/8	0.125	19/32	19/32	4/4	1	1	1/32		1/32	1		5	83	B5	5	564
25	25	197/2	197/2	0.125	5/8	5/8	4/4	1	1	1/32		1/32	1		2	86	D6	6	565
25	25	789/8	789/8	0.125	21/32	21/32	4/4	1	1	1/32		1/32	1		7	85	C#6	6	566
25	25	395/4	395/4	0.125	11/16	11/16	4/4	1	1	1/32		1/32	1		4	88	E6	6	567
25	25	791/8	791/8	0.125	23/32	23/32	4/4	1	1	1/32		1/32	1		2	86	D6	6	568
25	25	99	99	0.5	3/4	3/4	4/4	2	1	1/8		1/8	1		11	53	E#3	3	581
25	25	99	99	0.125	3/4	3/4	4/4	1	1	1/32		1/32	1		7	85	C#6	6	569
25	25	793/8	793/8	0.125	25/32	25/32	4/4	1	1	1/32		1/32	1		5	83	B5	5	570
25	25	397/4	397/4	0.125	13/16	13/16	4/4	1	1	1/32		1/32	1		3	81	A5	5	571
25	25	795/8	795/8	0.125	27/32	27/32	4/4	1	1	1/32		1/32	1		8	80	G#5	5	572
25	25	199/2	199/2	0.5	7/8	7/8	4/4	2	1	1/8		1/8	1		7	49	C#3	3	582
25	25	199/2	199/2	0.125	7/8	7/8	4/4	1	1	1/32		1/32	1		6	78	F#5	5	573
25	25	797/8	797/8	0.125	29/32	29/32	4/4	1	1	1/32		1/32	1		11	77	E#5	5	574
25	25	399/4	399/4	0.125	15/16	15/16	4/4	1	1	1/32		1/32	1		8	80	G#5	5	575
25	25	799/8	799/8	0.125	31/32	31/32	4/4	1	1	1/32		1/32	1		5	71	B4	4	576
26	26	100	100	0.5	0	0	4/4	2	1	1/8		1/8	1		6	54	F#3	3	599
26	26	100	100	0.125	0	0	4/4	1	1	1/32		1/32	1		3	69	A4	4	583
26	26	801/8	801/8	0.125	1/32	1/32	4/4	1	1	1/32		1/32	1		7	73	C#5	5	584
26	26	401/4	401/4	0.125	1/16	1/16	4/4	1	1	1/32		1/32	1		11	77	E#5	5	585
26	26	803/8	803/8	0.125	3/32	3/32	4/4	1	1	1/32		1/32	1		6	78	F#5	5	586
26	26	201/2	201/2	0.5	1/8	1/8	4/4	2	1	1/8		1/8	1		5	47	B2	2	600
26	26	201/2	201/2	0.125	1/8	1/8	4/4	1	1	1/32		1/32	1		4	76	E5	5	587
26	26	805/8	805/8	0.125	5/32	5/32	4/4	1	1	1/32		1/32	1		2	74	D5	5	588
26	26	403/4	403/4	0.125	3/16	3/16	4/4	1	1	1/32		1/32	1		7	73	C#5	5	589
26	26	807/8	807/8	0.125	7/32	7/32	4/4	1	1	1/32		1/32	1		5	71	B4	4	590
26	26	101	101	0.5	1/4	1/4	4/4	2	1	1/8		1/8	1		7	49	C#3	3	601
26	26	101	101	0.5	1/4	1/4	4/4	1	1	1/8		1/8	1		3	69	A4	4	591
26	26	203/2	203/2	0.5	3/8	3/8	4/4	2	1	1/8		1/8	1		7	37	C#2	2	602
26	26	203/2	203/2	0.5	3/8	3/8	4/4	1	1	1/8		1/8	1		8	68	G#4	4	592
26	26	102	102	1.0	1/2	1/2	4/4	2	1	1/4		1/4	1		6	42	F#2	2	603
26	26	102	102	0.5	1/2	1/2	4/4	1	1	1/8		1/8	1		6	66	F#4	4	593
26	26	205/2	205/2	0.5	5/8	5/8	4/4	1	1	1/8		1/8	1		7	73	C#5	5	594
26	26	103	103	0.125	3/4	3/4	4/4	1	1	1/32		1/32	1		5	71	B4	4	595
26	26	825/8	825/8	0.375	25/32	25/32	4/4	1	1	3/32		1/16	3/2		3	69	A4	4	596
26	26	207/2	207/2	0.125	7/8	7/8	4/4	1	1	1/32		1/32	1		8	68	G#4	4	597
26	26	829/8	829/8	0.375	29/32	29/32	4/4	1	1	3/32		1/16	3/2		6	66	F#4	4	598
27	27	104	104	0.125	0	0	4/4	2	1	1/32		1/32	1		8	56	G#3	3	611
27	27	104	104	1.0	0	0	4/4	1	1	1/4		1/4	1		11	65	E#4	4	604
27	27	833/8	833/8	0.125	1/32	1/32	4/4	2	1	1/32		1/32	1		11	53	E#3	3	612
27	27	417/4	417/4	0.125	1/16	1/16	4/4	2	1	1/32		1/32	1		12	48	B#2	2	613
27	27	835/8	835/8	0.125	3/32	3/32	4/4	2	1	1/32		1/32	1		7	49	C#3	3	614
27	27	209/2	209/2	0.125	1/8	1/8	4/4	2	1	1/32		1/32	1		8	44	G#2	2	615
27	27	837/8	837/8	0.125	5/32	5/32	4/4	2	1	1/32		1/32	1		7	49	C#3	3	616
27	27	419/4	419/4	0.125	3/16	3/16	4/4	2	1	1/32		1/32	1		11	41	E#2	2	617
27	27	839/8	839/8	0.125	7/32	7/32	4/4	2	1	1/32		1/32	1		8	44	G#2	2	618
27	27	105	105	1.0	1/4	1/4	4/4	2	1	1/4		1/4	1		7	37	C#2	2	619
27	27	421/4	421/4	0.25	5/16	5/16	4/4	1	1	1/16		1/16	1		11	65	E#4	4	605
27	27	421/4	421/4	0.25	5/16	5/16	4/4	1	1	1/16		1/16	1		8	68	G#4	4	605
27	27	211/2	211/2	0.25	3/8	3/8	4/4	1	1	1/16		1/16	1		8	68	G#4	4	606
27	27	211/2	211/2	0.25	3/8	3/8	4/4	1	1	1/16		1/16	1		5	71	B4	4	606
27	27	423/4	423/4	0.25	7/16	7/16	4/4	1	1	1/16		1/16	1		6	66	F#4	4	607
27	27	423/4	423/4	0.25	7/16	7/16	4/4	1	1	1/16		1/16	1		3	69	A4	4	607
27	27	106	106	0.125	1/2	1/2	4/4	2	1	1/32		1/32	1		3	57	A3	3	620
27	27	849/8	849/8	0.125	17/32	17/32	4/4	2	1	1/32		1/32	1		6	54	F#3	3	621
27	27	425/4	425/4	0.125	9/16	9/16	4/4	2	1	1/32		1/32	1		12	48	B#2	2	622
27	27	851/8	851/8	0.125	19/32	19/32	4/4	2	1	1/32		1/32	1		7	49	C#3	3	623
27	27	213/2	213/2	0.125	5/8	5/8	4/4	2	1	1/32		1/32	1		3	45	A2	2	624
27	27	853/8	853/8	0.125	21/32	21/32	4/4	2	1	1/32		1/32	1		7	49	C#3	3	625
27	27	427/4	427/4	0.125	11/16	11/16	4/4	2	1	1/32		1/32	1		6	42	F#2	2	626
27	27	855/8	855/8	0.125	23/32	23/32	4/4	2	1	1/32		1/32	1		3	45	A2	2	627
27	27	107	107	1.0	3/4	3/4	4/4	2	1	1/4		1/4	1		7	37	C#2	2	628
27	27	429/4	429/4	0.25	13/16	13/16	4/4	1	1	1/16		1/16	1		6	66	F#4	4	608
27	27	429/4	429/4	0.25	13/16	13/16	4/4	1	1	1/16		1/16	1		3	69	A4	4	608
27	27	215/2	215/2	0.25	7/8	7/8	4/4	1	1	1/16		1/16	1		3	69	A4	4	609
27	27	215/2	215/2	0.25	7/8	7/8	4/4	1	1	1/16		1/16	1		7	73	C#5	5	609
27	27	431/4	431/4	0.25	15/16	15/16	4/4	1	1	1/16		1/16	1		8	68	G#4	4	610
27	27	431/4	431/4	0.25	15/16	15/16	4/4	1	1	1/16		1/16	1		5	71	B4	4	610
28	28	108	108	0.125	0	0	4/4	2	1	1/32		1/32	1		5	59	B3	3	635
28	28	865/8	865/8	0.125	1/32	1/32	4/4	2	1	1/32		1/32	1		8	56	G#3	3	636
28	28	433/4	433/4	0.125	1/16	1/16	4/4	2	1	1/32		1/32	1		12	48	B#2	2	637
28	28	867/8	867/8	0.125	3/32	3/32	4/4	2	1	1/32		1/32	1		7	49	C#3	3	638
28	28	217/2	217/2	0.125	1/8	1/8	4/4	2	1	1/32		1/32	1		8	44	G#2	2	639
28	28	869/8	869/8	0.125	5/32	5/32	4/4	2	1	1/32		1/32	1		7	49	C#3	3	640
28	28	435/4	435/4	0.125	3/16	3/16	4/4	2	1	1/32		1/32	1		11	41	E#2	2	641
28	28	871/8	871/8	0.125	7/32	7/32	4/4	2	1	1/32		1/32	1		8	44	G#2	2	642
28	28	109	109	1.0	1/4	1/4	4/4	2	1	1/4		1/4	1	1	7	37	C#2	2	643
28	28	437/4	437/4	0.25	5/16	5/16	4/4	1	1	1/16		1/16	1		8	68	G#4	4	629
28	28	437/4	437/4	0.25	5/16	5/16	4/4	1	1	1/16		1/16	1		5	71	B4	4	629
28	28	219/2	219/2	0.25	3/8	3/8	4/4	1	1	1/16		1/16	1		5	71	B4	4	630
28	28	219/2	219/2	0.25	3/8	3/8	4/4	1	1	1/16		1/16	1		2	74	D5	5	630
28	28	439/4	439/4	0.25	7/16	7/16	4/4	1	1	1/16		1/16	1		3	69	A4	4	631
28	28	439/4	439/4	0.25	7/16	7/16	4/4	1	1	1/16		1/16	1		7	73	C#5	5	631
28	28	110	110	0.5	1/2	1/2	4/4	2	1	1/8		1/8	1	-1	7	37	C#2	2	644
28	28	110	110	0.5	1/2	1/2	4/4	1	1	1/8		1/8	1		8	68	G#4	4	632
28	28	110	110	0.5	1/2	1/2	4/4	1	1	1/8		1/8	1		5	71	B4	4	632
28	28	221/2	221/2	0.5	5/8	5/8	4/4	2	1	1/8		1/8	1		12	36	B#1	1	645
28	28	221/2	221/2	0.5	5/8	5/8	4/4	1	1	1/8		1/8	1		6	66	F#4	4	633
28	28	221/2	221/2	0.5	5/8	5/8	4/4	1	1	1/8		1/8	1		3	69	A4	4	633
28	28	111	111	0.25	3/4	3/4	4/4	2	1	1/16		1/16	1		7	37	C#2	2	646
28	28	111	111	0.5	3/4	3/4	4/4	1	1	1/8		1/8	1		11	65	E#4	4	634
28	28	111	111	0.5	3/4	3/4	4/4	1	1	1/8		1/8	1		8	68	G#4	4	634
28	28	445/4	445/4	0.125	13/16	13/16	4/4	2	1	1/32		1/32	1		7	49	C#3	3	647
28	28	891/8	891/8	0.125	27/32	27/32	4/4	2	1	1/32		1/32	1		2	50	D3	3	648
28	28	223/2	223/2	0.25	7/8	7/8	4/4	2	1	1/16		1/16	1		7	49	C#3	3	649
28	28	447/4	447/4	0.25	15/16	15/16	4/4	2	1	1/16		1/16	1		5	47	B2	2	650
29	29	112	112	2.0	0	0	4/4	2	1	1/2		1/2	1		3	45	A2	2	683
29	29	112	112	0.125	0	0	4/4	1	1	1/32		1/32	1		7	85	C#6	6	651
29	29	897/8	897/8	0.125	1/32	1/32	4/4	1	1	1/32		1/32	1		3	81	A5	5	652
29	29	449/4	449/4	0.125	1/16	1/16	4/4	1	1	1/32		1/32	1		11	77	E#5	5	653
29	29	899/8	899/8	0.125	3/32	3/32	4/4	1	1	1/32		1/32	1		6	78	F#5	5	654
29	29	225/2	225/2	0.125	1/8	1/8	4/4	1	1	1/32		1/32	1		7	73	C#5	5	655
29	29	901/8	901/8	0.125	5/32	5/32	4/4	1	1	1/32		1/32	1		6	78	F#5	5	656
29	29	451/4	451/4	0.125	3/16	3/16	4/4	1	1	1/32		1/32	1		3	69	A4	4	657
29	29	903/8	903/8	0.125	7/32	7/32	4/4	1	1	1/32		1/32	1		7	73	C#5	5	658
29	29	113	113	0.125	1/4	1/4	4/4	1	1	1/32		1/32	1		6	66	F#4	4	659
29	29	905/8	905/8	0.125	9/32	9/32	4/4	1	1	1/32		1/32	1		3	69	A4	4	660
29	29	453/4	453/4	0.125	5/16	5/16	4/4	1	1	1/32		1/32	1		7	61	C#4	4	661
29	29	907/8	907/8	0.125	11/32	11/32	4/4	1	1	1/32		1/32	1		6	66	F#4	4	662
29	29	227/2	227/2	0.125	3/8	3/8	4/4	1	1	1/32		1/32	1		3	57	A3	3	663
29	29	909/8	909/8	0.125	13/32	13/32	4/4	1	1	1/32		1/32	1		7	61	C#4	4	664
29	29	455/4	455/4	0.125	7/16	7/16	4/4	1	1	1/32		1/32	1		6	54	F#3	3	665
29	29	911/8	911/8	0.125	15/32	15/32	4/4	1	1	1/32		1/32	1		4	64	E4	4	666
29	29	114	114	2.0	1/2	1/2	4/4	2	1	1/2		1/2	1		5	47	B2	2	684
29	29	114	114	0.125	1/2	1/2	4/4	1	1	1/32		1/32	1		2	62	D4	4	667
29	29	913/8	913/8	0.125	17/32	17/32	4/4	1	1	1/32		1/32	1		5	59	B3	3	668
29	29	457/4	457/4	0.125	9/16	9/16	4/4	1	1	1/32		1/32	1		11	53	E#3	3	669
29	29	915/8	915/8	0.125	19/32	19/32	4/4	1	1	1/32		1/32	1		6	54	F#3	3	670
29	29	229/2	229/2	0.125	5/8	5/8	4/4	1	1	1/32		1/32	1		2	62	D4	4	671
29	29	917/8	917/8	0.125	21/32	21/32	4/4	1	1	1/32		1/32	1		5	59	B3	3	672
29	29	459/4	459/4	0.125	11/16	11/16	4/4	1	1	1/32		1/32	1		6	66	F#4	4	673
29	29	919/8	919/8	0.125	23/32	23/32	4/4	1	1	1/32		1/32	1		2	62	D4	4	674
29	29	115	115	0.125	3/4	3/4	4/4	1	1	1/32		1/32	1		5	71	B4	4	675
29	29	921/8	921/8	0.125	25/32	25/32	4/4	1	1	1/32		1/32	1		6	66	F#4	4	676
29	29	461/4	461/4	0.125	13/16	13/16	4/4	1	1	1/32		1/32	1		2	74	D5	5	677
29	29	923/8	923/8	0.125	27/32	27/32	4/4	1	1	1/32		1/32	1		5	71	B4	4	678
29	29	231/2	231/2	0.125	7/8	7/8	4/4	1	1	1/32		1/32	1		6	78	F#5	5	679
29	29	925/8	925/8	0.125	29/32	29/32	4/4	1	1	1/32		1/32	1		2	74	D5	5	680
29	29	463/4	463/4	0.125	15/16	15/16	4/4	1	1	1/32		1/32	1		5	83	B5	5	681
29	29	927/8	927/8	0.125	31/32	31/32	4/4	1	1	1/32		1/32	1		6	78	F#5	5	682
30	30	116	116	0.75	0	0	4/4	1	1	3/16		1/8	3/2		2	86	D6	6	685
30	30	233/2	233/2	0.5	1/8	1/8	4/4	2	1	1/8		1/8	1		5	47	B2	2	699
30	30	467/4	467/4	0.0625	3/16	3/16	4/4	1	1	1/64		1/64	1		7	85	C#6	6	686
30	30	1869/16	1869/16	0.0625	13/64	13/64	4/4	1	1	1/64		1/64	1		5	83	B5	5	687
30	30	935/8	935/8	0.0625	7/32	7/32	4/4	1	1	1/64		1/64	1		3	81	A5	5	688
30	30	1871/16	1871/16	0.0625	15/64	15/64	4/4	1	1	1/64		1/64	1		8	80	G#5	5	689
30	30	117	117	0.5	1/4	1/4	4/4	2	1	1/8		1/8	1		7	49	C#3	3	700
30	30	117	117	0.5	1/4	1/4	4/4	1	1	1/8		1/8	1		6	78	F#5	5	690
30	30	235/2	235/2	0.5	3/8	3/8	4/4	2	1	1/8		1/8	1		7	49	C#3	3	701
30	30	235/2	235/2	0.5	3/8	3/8	4/4	1	1	1/8		1/8	1		8	80	G#5	5	691
30	30	118	118	1.0	1/2	1/2	4/4	2	1	1/4		1/4	1		2	50	D3	3	702
30	30	118	118	0.25	1/2	1/2	4/4	1	1	1/16		1/16	1		6	78	F#5	5	692
30	30	473/4	473/4	0.25	9/16	9/16	4/4	1	1	1/16		1/16	1		3	69	A4	4	693
30	30	237/2	237/2	0.25	5/8	5/8	4/4	1	1	1/16		1/16	1		11	65	E#4	4	694
30	30	475/4	475/4	0.25	11/16	11/16	4/4	1	1	1/16		1/16	1		6	66	F#4	4	695
30	30	119	119	0.5	3/4	3/4	4/4	2	1	1/8		1/8	1		2	38	D2	2	703
30	30	953/8	953/8	0.125	25/32	25/32	4/4	1	1	1/32		1/32	1		3	81	A5	5	696
30	30	477/4	477/4	0.125	13/16	13/16	4/4	1	1	1/32		1/32	1		11	77	E#5	5	697
30	30	955/8	955/8	0.125	27/32	27/32	4/4	1	1	1/32		1/32	1		6	78	F#5	5	698
30	30	239/2	239/2	0.125	7/8	7/8	4/4	2	1	1/32		1/32	1		2	50	D3	3	704
30	30	957/8	957/8	0.125	29/32	29/32	4/4	2	1	1/32		1/32	1		3	57	A3	3	705
30	30	479/4	479/4	0.125	15/16	15/16	4/4	2	1	1/32		1/32	1		11	53	E#3	3	706
30	30	959/8	959/8	0.125	31/32	31/32	4/4	2	1	1/32		1/32	1		6	54	F#3	3	707
31	31	120	120	1.0	0	0	4/4	2	1	1/4		1/4	1		7	49	C#3	3	723
31	31	481/4	481/4	0.125	1/16	1/16	4/4	1	1	1/32		1/32	1		7	73	C#5	5	708
31	31	963/8	963/8	0.125	3/32	3/32	4/4	1	1	1/32		1/32	1		3	69	A4	4	709
31	31	241/2	241/2	0.25	1/8	1/8	4/4	1	1	1/16		1/16	1		11	65	E#4	4	710
31	31	483/4	483/4	0.25	3/16	3/16	4/4	1	1	1/16		1/16	1		6	66	F#4	4	711
31	31	121	121	0.5	1/4	1/4	4/4	2	1	1/8		1/8	1		7	37	C#2	2	724
31	31	969/8	969/8	0.0625	9/32	9/32	4/4	1	1	1/64		1/64	1		7	85	C#6	6	712
31	31	1939/16	1939/16	0.0625	19/64	19/64	4/4	1	1	1/64		1/64	1		3	81	A5	5	713
31	31	485/4	485/4	0.125	5/16	5/16	4/4	1	1	1/32		1/32	1		11	77	E#5	5	714
31	31	971/8	971/8	0.125	11/32	11/32	4/4	1	1	1/32		1/32	1		6	78	F#5	5	715
31	31	243/2	243/2	0.125	3/8	3/8	4/4	2	1	1/32		1/32	1		7	49	C#3	3	725
31	31	973/8	973/8	0.0625	13/32	13/32	4/4	2	1	1/64		1/64	1		7	61	C#4	4	726
31	31	1947/16	1947/16	0.0625	27/64	27/64	4/4	2	1	1/64		1/64	1		3	57	A3	3	727
31	31	487/4	487/4	0.125	7/16	7/16	4/4	2	1	1/32		1/32	1		11	53	E#3	3	728
31	31	975/8	975/8	0.125	15/32	15/32	4/4	2	1	1/32		1/32	1		6	54	F#3	3	729
31	31	122	122	1.0	1/2	1/2	4/4	2	1	1/4		1/4	1	1	12	48	B#2	2	730
31	31	979/8	979/8	0.125	19/32	19/32	4/4	1	1	1/32		1/32	1		6	78	F#5	5	716
31	31	979/8	979/8	0.125	19/32	19/32	4/4	1	1	1/32		1/32	1		3	81	A5	5	716
31	31	979/8	979/8	0.125	19/32	19/32	4/4	1	1	1/32		1/32	1		9	87	D#6	6	716
31	31	245/2	245/2	0.375	5/8	5/8	4/4	1	1	3/32		1/16	3/2		6	78	F#5	5	717
31	31	245/2	245/2	0.375	5/8	5/8	4/4	1	1	3/32		1/16	3/2		3	81	A5	5	717
31	31	245/2	245/2	0.375	5/8	5/8	4/4	1	1	3/32		1/16	3/2		9	87	D#6	6	717
31	31	983/8	983/8	0.125	23/32	23/32	4/4	1	1	1/32		1/32	1		3	69	A4	4	718
31	31	983/8	983/8	0.125	23/32	23/32	4/4	1	1	1/32		1/32	1		9	75	D#5	5	718
31	31	983/8	983/8	0.125	23/32	23/32	4/4	1	1	1/32		1/32	1		6	78	F#5	5	718
31	31	123	123	0.375	3/4	3/4	4/4	2	1	3/32		1/16	3/2	-1	12	48	B#2	2	731
31	31	123	123	0.375	3/4	3/4	4/4	1	1	3/32		1/16	3/2		3	69	A4	4	719
31	31	123	123	0.375	3/4	3/4	4/4	1	1	3/32		1/16	3/2		9	75	D#5	5	719
31	31	123	123	0.375	3/4	3/4	4/4	1	1	3/32		1/16	3/2		6	78	F#5	5	719
31	31	987/8	987/8	0.125	27/32	27/32	4/4	2	1	1/32		1/32	1		12	48	B#2	2	732
31	31	987/8	987/8	0.125	27/32	27/32	4/4	1	1	1/32		1/32	1		9	63	D#4	4	720
31	31	987/8	987/8	0.125	27/32	27/32	4/4	1	1	1/32		1/32	1		6	66	F#4	4	720
31	31	987/8	987/8	0.125	27/32	27/32	4/4	1	1	1/32		1/32	1		3	69	A4	4	720
31	31	247/2	247/2	0.375	7/8	7/8	4/4	2	1	3/32		1/16	3/2		12	48	B#2	2	733
31	31	247/2	247/2	0.375	7/8	7/8	4/4	1	1	3/32		1/16	3/2		9	63	D#4	4	721
31	31	247/2	247/2	0.375	7/8	7/8	4/4	1	1	3/32		1/16	3/2		6	66	F#4	4	721
31	31	247/2	247/2	0.375	7/8	7/8	4/4	1	1	3/32		1/16	3/2		3	69	A4	4	721
31	31	991/8	991/8	0.125	31/32	31/32	4/4	2	1	1/32		1/32	1		12	48	B#2	2	734
31	31	991/8	991/8	0.125	31/32	31/32	4/4	1	1	1/32		1/32	1		3	57	A3	3	722
31	31	991/8	991/8	0.125	31/32	31/32	4/4	1	1	1/32		1/32	1		9	63	D#4	4	722
31	31	991/8	991/8	0.125	31/32	31/32	4/4	1	1	1/32		1/32	1		6	66	F#4	4	722
32	32	124	124	1.0	0	0	4/4	2	1	1/4		1/4	1		7	49	C#3	3	740
32	32	124	124	1.0	0	0	4/4	1	1	1/4		1/4	1		3	57	A3	3	735
32	32	124	124	1.0	0	0	4/4	1	1	1/4		1/4	1		7	61	C#4	4	735
32	32	124	124	1.0	0	0	4/4	1	1	1/4		1/4	1		6	66	F#4	4	735
32	32	125	125	1.0	1/4	1/4	4/4	2	1	1/4		1/4	1		7	37	C#2	2	741
32	32	125	125	0.75	1/4	1/4	4/4	1	1	3/16		1/8	3/2		8	68	G#4	4	736
32	32	503/4	503/4	0.125	7/16	7/16	4/4	1	1	1/32		1/32	1		6	66	F#4	4	737
32	32	1007/8	1007/8	0.125	15/32	15/32	4/4	1	1	1/32		1/32	1		8	68	G#4	4	738
32	32	126	126	1.0	1/2	1/2	4/4	2	1	1/4		1/4	1		6	42	F#2	2	742
32	32	126	126	1.0	1/2	1/2	4/4	1	1	1/4		1/4	1		6	66	F#4	4	739
