mc	mn	quarterbeats	quarterbeats_all_endings	duration_qb	volta	mc_onset	mn_onset	timesig	staff	voice	duration	gracenote	nominal_duration	scalar	tied	tpc	midi	name	octave	chord_id
1	1	0	0	1.0		0	0	4/4	2	1	1/4		1/4	1		-1	41	F2	2	7
1	1	0	0	1.0		0	0	4/4	2	1	1/4		1/4	1		-1	53	F3	3	7
1	1	3/4	3/4	0.25		3/16	3/16	4/4	1	1	1/16		1/16	1		-4	56	Ab3	3	0
1	1	1	1	0.75		1/4	1/4	4/4	1	1	3/16		1/8	3/2		0	60	C4	4	1
1	1	7/4	7/4	0.25		7/16	7/16	4/4	1	1	1/16		1/16	1		-1	65	F4	4	2
1	1	2	2	1.0		1/2	1/2	4/4	2	1	1/4		1/4	1		-1	53	F3	3	8
1	1	2	2	1.0		1/2	1/2	4/4	2	1	1/4		1/4	1		0	60	C4	4	8
1	1	2	2	0.75		1/2	1/2	4/4	1	1	3/16		1/8	3/2		-4	68	Ab4	4	3
1	1	11/4	11/4	0.25		11/16	11/16	4/4	1	1	1/16		1/16	1		0	72	C5	5	4
1	1	3	3	0.75		3/4	3/4	4/4	1	1	3/16		1/8	3/2		-1	77	F5	5	5
1	1	15/4	15/4	0.25		15/16	15/16	4/4	1	1	1/16		1/16	1		-4	80	Ab5	5	6
2	2	4	4	1.0		0	0	4/4	2	1	1/4		1/4	1		4	52	E3	3	14
2	2	4	4	1.0		0	0	4/4	2	1	1/4		1/4	1		0	60	C4	4	14
2	2	4	4	1.0		0	0	4/4	1	1	1/4		1/4	1		1	79	G5	5	9
2	2	5	5	1.0		1/4	1/4	4/4	1	1	1/4		1/4	1		0	72	C5	5	10
2	2	6	6	1.0		1/2	1/2	4/4	2	1	1/4		1/4	1		0	48	C3	3	15
2	2	6	6	1.0		1/2	1/2	4/4	2	1	1/4		1/4	1		4	52	E3	3	15
2	2	27/4	27/4	0.25		11/16	11/16	4/4	1	1	1/16		1/16	1		-2	70	Bb4	4	11
2	2	7	7	0.75		3/4	3/4	4/4	1	1	3/16		1/8	3/2		-4	68	Ab4	4	12
2	2	31/4	31/4	0.25		15/16	15/16	4/4	1	1	1/16		1/16	1		1	67	G4	4	13
3	3	8	8	1.0		0	0	4/4	2	1	1/4		1/4	1		-1	41	F2	2	24
3	3	8	8	1.0		0	0	4/4	2	1	1/4		1/4	1		-1	53	F3	3	24
3	3	8	8	0.75		0	0	4/4	1	1	3/16		1/8	3/2		-4	68	Ab4	4	16
3	3	35/4	35/4	0.25		3/16	3/16	4/4	1	1	1/16		1/16	1		-4	56	Ab3	3	17
3	3	9	9	0.75		1/4	1/4	4/4	1	1	3/16		1/8	3/2		0	60	C4	4	18
3	3	39/4	39/4	0.25		7/16	7/16	4/4	1	1	1/16		1/16	1		-1	65	F4	4	19
3	3	10	10	1.0		1/2	1/2	4/4	2	1	1/4		1/4	1		-1	53	F3	3	25
3	3	10	10	1.0		1/2	1/2	4/4	2	1	1/4		1/4	1		0	60	C4	4	25
3	3	10	10	0.75		1/2	1/2	4/4	1	1	3/16		1/8	3/2		-4	68	Ab4	4	20
3	3	43/4	43/4	0.25		11/16	11/16	4/4	1	1	1/16		1/16	1		0	72	C5	5	21
3	3	11	11	0.75		3/4	3/4	4/4	1	1	3/16		1/8	3/2		-1	77	F5	5	22
3	3	47/4	47/4	0.25		15/16	15/16	4/4	1	1	1/16		1/16	1		-4	80	Ab5	5	23
4	4	12	12	1.0		0	0	4/4	2	1	1/4		1/4	1		4	52	E3	3	34
4	4	12	12	1.0		0	0	4/4	2	1	1/4		1/4	1		0	60	C4	4	34
4	4	12	12	1.0		0	0	4/4	1	1	1/4		1/4	1		1	79	G5	5	26
4	4	13	13	1.0		1/4	1/4	4/4	1	1	1/4		1/4	1		0	72	C5	5	27
4	4	14	14	1.0		1/2	1/2	4/4	2	1	1/4		1/4	1		0	48	C3	3	35
4	4	14	14	1.0		1/2	1/2	4/4	2	1	1/4		1/4	1		4	52	E3	3	35
4	4	29/2	29/2	0.25		5/8	5/8	4/4	1	1	1/16		1/16	1		1	67	G4	4	28
4	4	59/4	59/4	0.25		11/16	11/16	4/4	1	1	1/16		1/16	1		-4	68	Ab4	4	29
4	4	15	15	0.25		3/4	3/4	4/4	1	1	1/16		1/16	1		0	72	C5	5	30
4	4	61/4	61/4	0.25		13/16	13/16	4/4	1	1	1/16		1/16	1		-2	70	Bb4	4	31
4	4	31/2	31/2	0.25		7/8	7/8	4/4	1	1	1/16		1/16	1		-4	68	Ab4	4	32
4	4	63/4	63/4	0.25		15/16	15/16	4/4	1	1	1/16		1/16	1		1	67	G4	4	33
5	5	16	16	1.0		0	0	4/4	2	1	1/4		1/4	1		-1	41	F2	2	44
5	5	16	16	1.0		0	0	4/4	2	1	1/4		1/4	1		-1	53	F3	3	44
5	5	16	16	0.75		0	0	4/4	1	1	3/16		1/8	3/2		-4	68	Ab4	4	36
5	5	67/4	67/4	0.25		3/16	3/16	4/4	1	1	1/16		1/16	1		-1	65	F4	4	37
5	5	17	17	0.75		1/4	1/4	4/4	1	1	3/16		1/8	3/2		-4	68	Ab4	4	38
5	5	71/4	71/4	0.25		7/16	7/16	4/4	1	1	1/16		1/16	1		0	72	C5	5	39
5	5	18	18	1.0		1/2	1/2	4/4	2	1	1/4		1/4	1		-1	53	F3	3	45
5	5	18	18	1.0		1/2	1/2	4/4	2	1	1/4		1/4	1		-4	56	Ab3	3	45
5	5	18	18	0.75		1/2	1/2	4/4	1	1	3/16		1/8	3/2		-5	73	Db5	5	40
5	5	75/4	75/4	0.25		11/16	11/16	4/4	1	1	1/16		1/16	1		-1	77	F5	5	41
5	5	19	19	0.75		3/4	3/4	4/4	1	1	3/16		1/8	3/2		-4	80	Ab5	5	42
5	5	79/4	79/4	0.25		15/16	15/16	4/4	1	1	1/16		1/16	1		-1	89	F6	6	43
6	6	20	20	3.0		0	0	4/4	1	1	3/4		1/2	3/2		-3	87	Eb6	6	46
6	6	21	21	3.0		1/4	1/4	4/4	2	2	3/4		1/2	3/2		1	55	G3	3	51
6	6	22	22	2.0		1/2	1/2	4/4	2	4	1/2		1/2	1		-2	58	Bb3	3	52
6	6	23	23	1.0		3/4	3/4	4/4	2	1	1/4		1/4	1		-3	63	Eb4	4	50
6	6	23	23	0.25		3/4	3/4	4/4	1	1	1/16		1/16	1		-5	85	Db6	6	47
6	6	93/4	93/4	0.25		13/16	13/16	4/4	1	1	1/16		1/16	1		0	84	C6	6	48
6	6	47/2	47/2	0.5		7/8	7/8	4/4	1	1	1/8		1/8	1		-2	82	Bb5	5	49
7	7	24	24	2.0		0	0	4/4	2	1	1/2		1/2	1		-4	56	Ab3	3	62
7	7	24	24	1.0		0	0	4/4	1	1	1/4		1/4	1		-2	82	Bb5	5	53
7	7	25	25	0.75		1/4	1/4	4/4	1	1	3/16		1/8	3/2		0	84	C6	6	54
7	7	103/4	103/4	0.25		7/16	7/16	4/4	1	1	1/16		1/16	1		-1	77	F5	5	55
7	7	26	26	2.0		1/2	1/2	4/4	2	1	1/2		1/2	1		-2	58	Bb3	3	63
7	7	26	26	0.3333333333333333		1/2	1/2	4/4	1	1	1/12		1/8	2/3		-5	85	Db6	6	56
7	7	79/3	79/3	0.3333333333333333		7/12	7/12	4/4	1	1	1/12		1/8	2/3		0	84	C6	6	57
7	7	80/3	80/3	0.3333333333333333		2/3	2/3	4/4	1	1	1/12		1/8	2/3		-2	82	Bb5	5	58
7	7	27	27	0.3333333333333333		3/4	3/4	4/4	1	1	1/12		1/8	2/3		-4	80	Ab5	5	59
7	7	82/3	82/3	0.3333333333333333		5/6	5/6	4/4	1	1	1/12		1/8	2/3		1	79	G5	5	60
7	7	83/3	83/3	0.3333333333333333		11/12	11/12	4/4	1	1	1/12		1/8	2/3		-1	77	F5	5	61
8	8	28	28	1.0		0	0	4/4	2	1	1/4		1/4	1		0	48	C3	3	73
8	8	28	28	1.0		0	0	4/4	1	1	1/4		1/4	1		-1	77	F5	5	64
8	8	29	29	0.75		1/4	1/4	4/4	2	1	3/16		1/8	3/2		0	48	C3	3	74
8	8	29	29	0.75		1/4	1/4	4/4	1	1	3/16		1/8	3/2		4	76	E5	5	65
8	8	119/4	119/4	0.25		7/16	7/16	4/4	2	1	1/16		1/16	1		-5	49	Db3	3	75
8	8	119/4	119/4	0.25		7/16	7/16	4/4	1	1	1/16		1/16	1		-5	61	Db4	4	66
8	8	30	30	0.3333333333333333		1/2	1/2	4/4	2	1	1/12		1/8	2/3		0	48	C3	3	76
8	8	30	30	0.3333333333333333		1/2	1/2	4/4	1	1	1/12		1/8	2/3		0	60	C4	4	67
8	8	91/3	91/3	0.3333333333333333		7/12	7/12	4/4	2	1	1/12		1/8	2/3		-2	46	Bb2	2	77
8	8	91/3	91/3	0.3333333333333333		7/12	7/12	4/4	1	1	1/12		1/8	2/3		-2	58	Bb3	3	68
8	8	92/3	92/3	0.3333333333333333		2/3	2/3	4/4	2	1	1/12		1/8	2/3		-4	44	Ab2	2	78
8	8	92/3	92/3	0.3333333333333333		2/3	2/3	4/4	1	1	1/12		1/8	2/3		-4	56	Ab3	3	69
8	8	31	31	0.3333333333333333		3/4	3/4	4/4	2	1	1/12		1/8	2/3		1	43	G2	2	79
8	8	31	31	0.3333333333333333		3/4	3/4	4/4	1	1	1/12		1/8	2/3		1	55	G3	3	70
8	8	94/3	94/3	0.3333333333333333		5/6	5/6	4/4	2	1	1/12		1/8	2/3		-4	44	Ab2	2	80
8	8	94/3	94/3	0.3333333333333333		5/6	5/6	4/4	1	1	1/12		1/8	2/3		-4	56	Ab3	3	71
8	8	95/3	95/3	0.3333333333333333		11/12	11/12	4/4	2	1	1/12		1/8	2/3		-2	46	Bb2	2	81
8	8	95/3	95/3	0.3333333333333333		11/12	11/12	4/4	1	1	1/12		1/8	2/3		-2	58	Bb3	3	72
9	9	32	32	1.0		0	0	4/4	2	1	1/4		1/4	1		-4	44	Ab2	2	90
9	9	32	32	0.75		0	0	4/4	1	1	3/16		1/8	3/2		-4	56	Ab3	3	82
9	9	131/4	131/4	0.25		3/16	3/16	4/4	1	1	1/16		1/16	1		-4	56	Ab3	3	83
9	9	33	33	0.75		1/4	1/4	4/4	1	1	3/16		1/8	3/2		0	60	C4	4	84
9	9	135/4	135/4	0.25		7/16	7/16	4/4	1	1	1/16		1/16	1		-1	65	F4	4	85
9	9	34	34	1.0		1/2	1/2	4/4	2	1	1/4		1/4	1		-1	53	F3	3	91
9	9	34	34	1.0		1/2	1/2	4/4	2	1	1/4		1/4	1		0	60	C4	4	91
9	9	34	34	0.75		1/2	1/2	4/4	1	1	3/16		1/8	3/2		-4	68	Ab4	4	86
9	9	139/4	139/4	0.25		11/16	11/16	4/4	1	1	1/16		1/16	1		0	72	C5	5	87
9	9	35	35	0.75		3/4	3/4	4/4	1	1	3/16		1/8	3/2		-1	77	F5	5	88
9	9	143/4	143/4	0.25		15/16	15/16	4/4	1	1	1/16		1/16	1		-4	80	Ab5	5	89
10	10	36	36	1.0		0	0	4/4	2	1	1/4		1/4	1		4	52	E3	3	102
10	10	36	36	1.0		0	0	4/4	2	1	1/4		1/4	1		0	60	C4	4	102
10	10	36	36	0.3333333333333333		0	0	4/4	1	1	1/12		1/8	2/3		-4	80	Ab5	5	92
10	10	109/3	109/3	0.3333333333333333		1/12	1/12	4/4	1	1	1/12		1/8	2/3		6	78	F#5	5	93
10	10	110/3	110/3	0.3333333333333333		1/6	1/6	4/4	1	1	1/12		1/8	2/3		1	79	G5	5	94
10	10	37	37	1.0		1/4	1/4	4/4	1	1	1/4		1/4	1		0	72	C5	5	95
10	10	38	38	1.0		1/2	1/2	4/4	2	1	1/4		1/4	1		0	48	C3	3	103
10	10	38	38	1.0		1/2	1/2	4/4	2	1	1/4		1/4	1		4	52	E3	3	103
10	10	77/2	77/2	0.25		5/8	5/8	4/4	1	1	1/16		1/16	1		1	67	G4	4	96
10	10	155/4	155/4	0.25		11/16	11/16	4/4	1	1	1/16		1/16	1		-4	68	Ab4	4	97
10	10	39	39	0.25		3/4	3/4	4/4	1	1	1/16		1/16	1		0	72	C5	5	98
10	10	157/4	157/4	0.25		13/16	13/16	4/4	1	1	1/16		1/16	1		-2	70	Bb4	4	99
10	10	79/2	79/2	0.25		7/8	7/8	4/4	1	1	1/16		1/16	1		-4	68	Ab4	4	100
10	10	159/4	159/4	0.25		15/16	15/16	4/4	1	1	1/16		1/16	1		1	67	G4	4	101
11	11	40	40	1.0		0	0	4/4	2	1	1/4		1/4	1		-1	41	F2	2	112
11	11	40	40	1.0		0	0	4/4	2	1	1/4		1/4	1		-1	53	F3	3	112
11	11	40	40	0.75		0	0	4/4	1	1	3/16		1/8	3/2		-4	68	Ab4	4	104
11	11	163/4	163/4	0.25		3/16	3/16	4/4	1	1	1/16		1/16	1		-4	56	Ab3	3	105
11	11	41	41	0.75		1/4	1/4	4/4	1	1	3/16		1/8	3/2		0	60	C4	4	106
11	11	167/4	167/4	0.25		7/16	7/16	4/4	1	1	1/16		1/16	1		-1	65	F4	4	107
11	11	42	42	1.0		1/2	1/2	4/4	2	1	1/4		1/4	1		-1	53	F3	3	113
11	11	42	42	1.0		1/2	1/2	4/4	2	1	1/4		1/4	1		0	60	C4	4	113
11	11	42	42	0.75		1/2	1/2	4/4	1	1	3/16		1/8	3/2		-4	68	Ab4	4	108
11	11	171/4	171/4	0.25		11/16	11/16	4/4	1	1	1/16		1/16	1		0	72	C5	5	109
11	11	43	43	0.75		3/4	3/4	4/4	1	1	3/16		1/8	3/2		-1	77	F5	5	110
11	11	175/4	175/4	0.25		15/16	15/16	4/4	1	1	1/16		1/16	1		-4	80	Ab5	5	111
12	12	44	44	1.0		0	0	4/4	2	1	1/4		1/4	1		4	52	E3	3	121
12	12	44	44	1.0		0	0	4/4	2	1	1/4		1/4	1		0	60	C4	4	121
12	12	44	44	0.3333333333333333		0	0	4/4	1	1	1/12		1/8	2/3		1	79	G5	5	114
12	12	133/3	133/3	0.3333333333333333		1/12	1/12	4/4	1	1	1/12		1/8	2/3		5	83	B5	5	115
12	12	134/3	134/3	0.3333333333333333		1/6	1/6	4/4	1	1	1/12		1/8	2/3		0	84	C6	6	116
12	12	45	45	1.0		1/4	1/4	4/4	1	1	1/4		1/4	1		0	72	C5	5	117
12	12	46	46	1.0		1/2	1/2	4/4	2	1	1/4		1/4	1		0	48	C3	3	122
12	12	46	46	1.0		1/2	1/2	4/4	2	1	1/4		1/4	1		4	52	E3	3	122
12	12	187/4	187/4	0.25		11/16	11/16	4/4	1	1	1/16		1/16	1		-2	70	Bb4	4	118
12	12	47	47	0.75		3/4	3/4	4/4	1	1	3/16		1/8	3/2		-4	68	Ab4	4	119
12	12	191/4	191/4	0.25		15/16	15/16	4/4	1	1	1/16		1/16	1		1	67	G4	4	120
13	13	48	48	1.0		0	0	4/4	2	1	1/4		1/4	1		-1	41	F2	2	131
13	13	48	48	1.0		0	0	4/4	2	1	1/4		1/4	1		-1	53	F3	3	131
13	13	48	48	0.75		0	0	4/4	1	1	3/16		1/8	3/2		-4	68	Ab4	4	123
13	13	195/4	195/4	0.25		3/16	3/16	4/4	1	1	1/16		1/16	1		-1	65	F4	4	124
13	13	49	49	0.75		1/4	1/4	4/4	1	1	3/16		1/8	3/2		-4	68	Ab4	4	125
13	13	199/4	199/4	0.25		7/16	7/16	4/4	1	1	1/16		1/16	1		0	72	C5	5	126
13	13	50	50	1.0		1/2	1/2	4/4	2	1	1/4		1/4	1		-1	53	F3	3	132
13	13	50	50	1.0		1/2	1/2	4/4	2	1	1/4		1/4	1		-4	56	Ab3	3	132
13	13	50	50	0.75		1/2	1/2	4/4	1	1	3/16		1/8	3/2		-5	73	Db5	5	127
13	13	203/4	203/4	0.25		11/16	11/16	4/4	1	1	1/16		1/16	1		-1	77	F5	5	128
13	13	51	51	0.75		3/4	3/4	4/4	1	1	3/16		1/8	3/2		-4	80	Ab5	5	129
13	13	207/4	207/4	0.25		15/16	15/16	4/4	1	1	1/16		1/16	1		-1	89	F6	6	130
14	14	52	52	1.0		0	0	4/4	1	1	1/4		1/4	1		0	84	C6	6	133
14	14	53	53	1.0		1/4	1/4	4/4	2	1	1/4		1/4	1		-1	53	F3	3	140
14	14	53	53	1.0		1/4	1/4	4/4	2	1	1/4		1/4	1		2	62	D4	4	140
14	14	53	53	0.75		1/4	1/4	4/4	1	1	3/16		1/8	3/2		5	83	B5	5	134
14	14	215/4	215/4	0.25		7/16	7/16	4/4	1	1	1/16		1/16	1		5	83	B5	5	135
14	14	54	54	0.0		1/2	1/2	4/4	1	1	0	grace32	1/32	1		0	84	C6	6	136
14	14	54	54	1.0		1/2	1/2	4/4	2	1	1/4		1/4	1		-3	51	Eb3	3	141
14	14	54	54	1.0		1/2	1/2	4/4	2	1	1/4		1/4	1		1	55	G3	3	141
14	14	54	54	1.0		1/2	1/2	4/4	1	1	1/4		1/4	1		0	84	C6	6	137
14	14	55	55	1.0		3/4	3/4	4/4	2	1	1/4		1/4	1		5	47	B2	2	142
14	14	55	55	1.0		3/4	3/4	4/4	2	1	1/4		1/4	1		1	55	G3	3	142
14	14	55	55	0.75		3/4	3/4	4/4	1	1	3/16		1/8	3/2		2	86	D6	6	138
14	14	223/4	223/4	0.25		15/16	15/16	4/4	1	1	1/16		1/16	1		-1	77	F5	5	139
15	15	56	56	1.0		0	0	4/4	2	1	1/4		1/4	1		0	48	C3	3	155
15	15	56	56	1.0		0	0	4/4	2	1	1/4		1/4	1		1	55	G3	3	155
15	15	56	56	0.3333333333333333		0	0	4/4	1	1	1/12		1/8	2/3		-3	75	Eb5	5	143
15	15	169/3	169/3	0.3333333333333333		1/12	1/12	4/4	1	1	1/12		1/8	2/3		0	72	C5	5	144
15	15	170/3	170/3	0.3333333333333333		1/6	1/6	4/4	1	1	1/12		1/8	2/3		2	74	D5	5	145
15	15	57	57	0.3333333333333333		1/4	1/4	4/4	1	1	1/12		1/8	2/3		-3	75	Eb5	5	146
15	15	172/3	172/3	0.3333333333333333		1/3	1/3	4/4	1	1	1/12		1/8	2/3		4	76	E5	5	147
15	15	173/3	173/3	0.3333333333333333		5/12	5/12	4/4	1	1	1/12		1/8	2/3		-1	77	F5	5	148
15	15	58	58	2.0		1/2	1/2	4/4	2	1	1/2		1/2	1		-1	41	F2	2	156
15	15	58	58	0.3333333333333333		1/2	1/2	4/4	1	1	1/12		1/8	2/3		1	79	G5	5	149
15	15	175/3	175/3	0.3333333333333333		7/12	7/12	4/4	1	1	1/12		1/8	2/3		-4	80	Ab5	5	150
15	15	176/3	176/3	0.3333333333333333		2/3	2/3	4/4	1	1	1/12		1/8	2/3		1	79	G5	5	151
15	15	59	59	0.3333333333333333		3/4	3/4	4/4	1	1	1/12		1/8	2/3		-1	77	F5	5	152
15	15	178/3	178/3	0.3333333333333333		5/6	5/6	4/4	1	1	1/12		1/8	2/3		-3	75	Eb5	5	153
15	15	179/3	179/3	0.3333333333333333		11/12	11/12	4/4	1	1	1/12		1/8	2/3		-5	73	Db5	5	154
16	16	60	60	0.3333333333333333		0	0	4/4	2	1	1/12		1/8	2/3		1	43	G2	2	167
16	16	60	60	1.0		0	0	4/4	1	1	1/4		1/4	1		0	72	C5	5	157
16	16	181/3	181/3	0.3333333333333333		1/12	1/12	4/4	2	1	1/12		1/8	2/3		6	54	F#3	3	168
16	16	182/3	182/3	0.3333333333333333		1/6	1/6	4/4	2	1	1/12		1/8	2/3		1	55	G3	3	169
16	16	61	61	1.0		1/4	1/4	4/4	2	1	1/4		1/4	1		1	43	G2	2	170
16	16	61	61	0.3333333333333333		1/4	1/4	4/4	1	1	1/12		1/8	2/3		5	71	B4	4	158
16	16	184/3	184/3	0.3333333333333333		1/3	1/3	4/4	1	1	1/12		1/8	2/3		6	78	F#5	5	159
16	16	185/3	185/3	0.3333333333333333		5/12	5/12	4/4	1	1	1/12		1/8	2/3		1	79	G5	5	160
16	16	62	62	1.0		1/2	1/2	4/4	1	1	1/4		1/4	1		5	71	B4	4	161
16	16	62	62	1.0		1/2	1/2	4/4	1	1	1/4		1/4	1		2	74	D5	5	161
16	16	187/3	187/3	0.3333333333333333		7/12	7/12	4/4	1	2	1/12		1/8	2/3		6	66	F#4	4	163
16	16	188/3	188/3	0.3333333333333333		2/3	2/3	4/4	1	2	1/12		1/8	2/3		1	67	G4	4	164
16	16	63	63	1.0		3/4	3/4	4/4	1	1	1/4		1/4	1		2	74	D5	5	162
16	16	63	63	1.0		3/4	3/4	4/4	1	1	1/4		1/4	1		-1	77	F5	5	162
16	16	190/3	190/3	0.3333333333333333		5/6	5/6	4/4	1	2	1/12		1/8	2/3		6	66	F#4	4	165
16	16	191/3	191/3	0.3333333333333333		11/12	11/12	4/4	1	2	1/12		1/8	2/3		1	67	G4	4	166
17	17	64	64	1.0		0	0	4/4	1	1	1/4		1/4	1		0	72	C5	5	171
17	17	64	64	1.0		0	0	4/4	1	1	1/4		1/4	1		-3	75	Eb5	5	171
17	17	193/3	193/3	0.3333333333333333		1/12	1/12	4/4	1	2	1/12		1/8	2/3		6	66	F#4	4	175
17	17	194/3	194/3	0.3333333333333333		1/6	1/6	4/4	1	2	1/12		1/8	2/3		1	67	G4	4	176
17	17	65	65	1.0		1/4	1/4	4/4	1	1	1/4		1/4	1		-3	75	Eb5	5	172
17	17	65	65	1.0		1/4	1/4	4/4	1	1	1/4		1/4	1		1	79	G5	5	172
17	17	196/3	196/3	0.3333333333333333		1/3	1/3	4/4	1	2	1/12		1/8	2/3		6	66	F#4	4	177
17	17	197/3	197/3	0.3333333333333333		5/12	5/12	4/4	1	2	1/12		1/8	2/3		1	67	G4	4	178
17	17	66	66	1.0		1/2	1/2	4/4	1	1	1/4		1/4	1		2	74	D5	5	173
17	17	66	66	1.0		1/2	1/2	4/4	1	1	1/4		1/4	1		-1	77	F5	5	173
17	17	199/3	199/3	0.3333333333333333		7/12	7/12	4/4	1	2	1/12		1/8	2/3		6	66	F#4	4	179
17	17	200/3	200/3	0.3333333333333333		2/3	2/3	4/4	1	2	1/12		1/8	2/3		1	67	G4	4	180
17	17	67	67	1.0		3/4	3/4	4/4	1	1	1/4		1/4	1		0	72	C5	5	174
17	17	67	67	1.0		3/4	3/4	4/4	1	1	1/4		1/4	1		-3	75	Eb5	5	174
17	17	202/3	202/3	0.3333333333333333		5/6	5/6	4/4	1	2	1/12		1/8	2/3		6	66	F#4	4	181
17	17	203/3	203/3	0.3333333333333333		11/12	11/12	4/4	1	2	1/12		1/8	2/3		1	67	G4	4	182
18	18	68	68	1.0		0	0	4/4	1	1	1/4		1/4	1		0	72	C5	5	183
18	18	68	68	1.0		0	0	4/4	1	1	1/4		1/4	1		-3	75	Eb5	5	183
18	18	205/3	205/3	0.3333333333333333		1/12	1/12	4/4	2	1	1/12		1/8	2/3		6	54	F#3	3	193
18	18	206/3	206/3	0.3333333333333333		1/6	1/6	4/4	2	1	1/12		1/8	2/3		1	55	G3	3	194
18	18	69	69	1.0		1/4	1/4	4/4	2	1	1/4		1/4	1		1	43	G2	2	195
18	18	69	69	0.3333333333333333		1/4	1/4	4/4	1	1	1/12		1/8	2/3		5	71	B4	4	184
18	18	69	69	0.3333333333333333		1/4	1/4	4/4	1	1	1/12		1/8	2/3		2	74	D5	5	184
18	18	208/3	208/3	0.3333333333333333		1/3	1/3	4/4	1	1	1/12		1/8	2/3		6	78	F#5	5	185
18	18	209/3	209/3	0.3333333333333333		5/12	5/12	4/4	1	1	1/12		1/8	2/3		1	79	G5	5	186
18	18	70	70	1.0		1/2	1/2	4/4	1	1	1/4		1/4	1		5	71	B4	4	187
18	18	70	70	1.0		1/2	1/2	4/4	1	1	1/4		1/4	1		2	74	D5	5	187
18	18	211/3	211/3	0.3333333333333333		7/12	7/12	4/4	1	2	1/12		1/8	2/3		6	66	F#4	4	189
18	18	212/3	212/3	0.3333333333333333		2/3	2/3	4/4	1	2	1/12		1/8	2/3		1	67	G4	4	190
18	18	71	71	1.0		3/4	3/4	4/4	1	1	1/4		1/4	1		-1	77	F5	5	188
18	18	71	71	1.0		3/4	3/4	4/4	1	1	1/4		1/4	1		2	86	D6	6	188
18	18	214/3	214/3	0.3333333333333333		5/6	5/6	4/4	1	2	1/12		1/8	2/3		6	66	F#4	4	191
18	18	215/3	215/3	0.3333333333333333		11/12	11/12	4/4	1	2	1/12		1/8	2/3		1	67	G4	4	192
19	19	72	72	1.0		0	0	4/4	1	1	1/4		1/4	1		-3	75	Eb5	5	196
19	19	72	72	1.0		0	0	4/4	1	1	1/4		1/4	1		0	84	C6	6	196
19	19	217/3	217/3	0.3333333333333333		1/12	1/12	4/4	1	2	1/12		1/8	2/3		6	66	F#4	4	200
19	19	218/3	218/3	0.3333333333333333		1/6	1/6	4/4	1	2	1/12		1/8	2/3		1	67	G4	4	201
19	19	73	73	1.0		1/4	1/4	4/4	1	1	1/4		1/4	1		1	79	G5	5	197
19	19	73	73	1.0		1/4	1/4	4/4	1	1	1/4		1/4	1		-3	87	Eb6	6	197
19	19	220/3	220/3	0.3333333333333333		1/3	1/3	4/4	1	2	1/12		1/8	2/3		6	66	F#4	4	202
19	19	221/3	221/3	0.3333333333333333		5/12	5/12	4/4	1	2	1/12		1/8	2/3		1	67	G4	4	203
19	19	74	74	1.0		1/2	1/2	4/4	1	1	1/4		1/4	1		-1	77	F5	5	198
19	19	74	74	1.0		1/2	1/2	4/4	1	1	1/4		1/4	1		2	86	D6	6	198
19	19	223/3	223/3	0.3333333333333333		7/12	7/12	4/4	1	2	1/12		1/8	2/3		6	66	F#4	4	204
19	19	224/3	224/3	0.3333333333333333		2/3	2/3	4/4	1	2	1/12		1/8	2/3		1	67	G4	4	205
19	19	75	75	1.0		3/4	3/4	4/4	1	1	1/4		1/4	1		-3	75	Eb5	5	199
19	19	75	75	1.0		3/4	3/4	4/4	1	1	1/4		1/4	1		0	84	C6	6	199
19	19	226/3	226/3	0.3333333333333333		5/6	5/6	4/4	1	2	1/12		1/8	2/3		6	66	F#4	4	206
19	19	227/3	227/3	0.3333333333333333		11/12	11/12	4/4	1	2	1/12		1/8	2/3		1	67	G4	4	207
20	20	76	76	1.0		0	0	4/4	2	1	1/4		1/4	1		1	55	G3	3	213
20	20	76	76	1.0		0	0	4/4	1	1	1/4		1/4	1		2	74	D5	5	208
20	20	76	76	1.0		0	0	4/4	1	1	1/4		1/4	1		5	83	B5	5	208
20	20	311/4	311/4	0.25		7/16	7/16	4/4	2	1	1/16		1/16	1		-4	44	Ab2	2	214
20	20	311/4	311/4	0.25		7/16	7/16	4/4	2	1	1/16		1/16	1		-4	56	Ab3	3	214
20	20	311/4	311/4	0.25		7/16	7/16	4/4	1	2	1/16		1/16	1		2	74	D5	5	211
20	20	311/4	311/4	0.25		7/16	7/16	4/4	1	2	1/16		1/16	1		-1	77	F5	5	211
20	20	311/4	311/4	0.25		7/16	7/16	4/4	1	1	1/16		1/16	1		5	83	B5	5	209
20	20	78	78	1.0		1/2	1/2	4/4	2	1	1/4		1/4	1		-4	44	Ab2	2	215
20	20	78	78	1.0		1/2	1/2	4/4	2	1	1/4		1/4	1		-4	56	Ab3	3	215
20	20	78	78	2.0		1/2	1/2	4/4	1	2	1/2		1/2	1		2	74	D5	5	212
20	20	78	78	2.0		1/2	1/2	4/4	1	2	1/2		1/2	1		-1	77	F5	5	212
20	20	78	78	2.0		1/2	1/2	4/4	1	1	1/2		1/2	1		5	83	B5	5	210
20	20	79	79	1.0		3/4	3/4	4/4	2	1	1/4		1/4	1	1	-4	44	Ab2	2	216
20	20	79	79	1.0		3/4	3/4	4/4	2	1	1/4		1/4	1	1	-4	56	Ab3	3	216
21	21	80	80	0.0		0	0	4/4	1	1	0	appoggiatura	1/8	1		0	84	C6	6	217
21	21	80	80	1.0		0	0	4/4	2	1	1/4		1/4	1	-1	-4	44	Ab2	2	223
21	21	80	80	1.0		0	0	4/4	2	1	1/4		1/4	1	-1	-4	56	Ab3	3	223
21	21	80	80	2.0		0	0	4/4	1	2	1/2		1/2	1		2	74	D5	5	221
21	21	80	80	2.0		0	0	4/4	1	1	1/2		1/2	1		-1	77	F5	5	218
21	21	80	80	2.0		0	0	4/4	1	1	1/2		1/2	1		5	83	B5	5	218
21	21	81	81	2.0		1/4	1/4	4/4	2	1	1/2		1/2	1		-4	44	Ab2	2	224
21	21	81	81	2.0		1/4	1/4	4/4	2	1	1/2		1/2	1		-4	56	Ab3	3	224
21	21	82	82	0.0		1/2	1/2	4/4	1	1	0	appoggiatura	1/8	1		2	86	D6	6	219
21	21	82	82	2.0		1/2	1/2	4/4	1	2	1/2		1/2	1		2	74	D5	5	222
21	21	82	82	2.0		1/2	1/2	4/4	1	1	1/2		1/2	1		-1	77	F5	5	220
21	21	82	82	2.0		1/2	1/2	4/4	1	1	1/2		1/2	1		5	83	B5	5	220
21	21	83	83	1.0		3/4	3/4	4/4	2	1	1/4		1/4	1	1	-4	44	Ab2	2	225
21	21	83	83	1.0		3/4	3/4	4/4	2	1	1/4		1/4	1	1	-4	56	Ab3	3	225
22	22	84	84	0.0		0	0	4/4	1	1	0	appoggiatura	1/8	1		-1	89	F6	6	226
22	22	84	84	1.0		0	0	4/4	2	1	1/4		1/4	1	-1	-4	44	Ab2	2	238
22	22	84	84	1.0		0	0	4/4	2	1	1/4		1/4	1	-1	-4	56	Ab3	3	238
22	22	84	84	2.0		0	0	4/4	1	2	1/2		1/2	1		-1	77	F5	5	237
22	22	84	84	2.0		0	0	4/4	1	1	1/2		1/2	1		5	83	B5	5	227
22	22	85	85	2.0		1/4	1/4	4/4	2	1	1/2		1/2	1		-4	44	Ab2	2	239
22	22	85	85	2.0		1/4	1/4	4/4	2	1	1/2		1/2	1		-4	56	Ab3	3	239
22	22	86	86	0.25		1/2	1/2	4/4	1	1	1/16		1/16	1		2	86	D6	6	228
22	22	345/4	345/4	0.75		9/16	9/16	4/4	1	1	3/16		1/8	3/2	1	-1	77	F5	5	229
22	22	87	87	1.0		3/4	3/4	4/4	2	1	1/4		1/4	1		5	47	B2	2	240
22	22	87	87	0.25		3/4	3/4	4/4	1	1	1/16		1/16	1	-1	-1	77	F5	5	230
22	22	349/4	349/4	0.125		13/16	13/16	4/4	1	1	1/32		1/32	1		1	79	G5	5	231
22	22	699/8	699/8	0.125		27/32	27/32	4/4	1	1	1/32		1/32	1		-4	80	Ab5	5	232
22	22	175/2	175/2	0.125		7/8	7/8	4/4	1	1	1/32		1/32	1		-2	82	Bb5	5	233
22	22	701/8	701/8	0.125		29/32	29/32	4/4	1	1	1/32		1/32	1		-4	80	Ab5	5	234
22	22	351/4	351/4	0.125		15/16	15/16	4/4	1	1	1/32		1/32	1		1	79	G5	5	235
22	22	703/8	703/8	0.125		31/32	31/32	4/4	1	1	1/32		1/32	1		-1	77	F5	5	236
23	23	88	88	1.0		0	0	4/4	2	1	1/4		1/4	1		0	48	C3	3	256
23	23	88	88	0.25		0	0	4/4	1	1	1/16		1/16	1		-3	75	Eb5	5	241
23	23	353/4	353/4	0.25		1/16	1/16	4/4	1	1	1/16		1/16	1		-1	77	F5	5	242
23	23	177/2	177/2	0.25		1/8	1/8	4/4	1	1	1/16		1/16	1		1	79	G5	5	243
23	23	355/4	355/4	0.25		3/16	3/16	4/4	1	1	1/16		1/16	1		-1	77	F5	5	244
23	23	89	89	0.25		1/4	1/4	4/4	1	1	1/16		1/16	1		-3	75	Eb5	5	245
23	23	357/4	357/4	0.25		5/16	5/16	4/4	1	1	1/16		1/16	1		2	74	D5	5	246
23	23	179/2	179/2	0.25		3/8	3/8	4/4	1	1	1/16		1/16	1		0	72	C5	5	247
23	23	359/4	359/4	0.25		7/16	7/16	4/4	1	1	1/16		1/16	1		-2	70	Bb4	4	248
23	23	90	90	0.25		1/2	1/2	4/4	1	1	1/16		1/16	1		-4	68	Ab4	4	249
23	23	361/4	361/4	0.25		9/16	9/16	4/4	1	1	1/16		1/16	1		1	67	G4	4	250
23	23	181/2	181/2	0.25		5/8	5/8	4/4	1	1	1/16		1/16	1		-1	65	F4	4	251
23	23	363/4	363/4	0.25		11/16	11/16	4/4	1	1	1/16		1/16	1		-3	63	Eb4	4	252
23	23	91	91	0.25		3/4	3/4	4/4	1	1	1/16		1/16	1		2	62	D4	4	253
23	23	365/4	365/4	0.25		13/16	13/16	4/4	1	1	1/16		1/16	1		0	60	C4	4	254
23	23	183/2	183/2	0.25		7/8	7/8	4/4	1	1	1/16		1/16	1		-2	58	Bb3	3	255
23	23	367/4	367/4	0.125		15/16	15/16	4/4	2	1	1/32		1/32	1		-4	56	Ab3	3	257
23	23	735/8	735/8	0.125		31/32	31/32	4/4	2	1	1/32		1/32	1		1	55	G3	3	258
24	24	92	92	2.0		0	0	4/4	2	1	1/2		1/2	1		6	54	F#3	3	270
24	24	277/3	277/3	0.3333333333333333		1/12	1/12	4/4	1	1	1/12		1/8	2/3		3	81	A5	5	259
24	24	278/3	278/3	0.3333333333333333		1/6	1/6	4/4	1	1	1/12		1/8	2/3		0	84	C6	6	260
24	24	93	93	0.3333333333333333		1/4	1/4	4/4	1	1	1/12		1/8	2/3		-3	87	Eb6	6	261
24	24	280/3	280/3	0.3333333333333333		1/3	1/3	4/4	1	1	1/12		1/8	2/3		2	86	D6	6	262
24	24	281/3	281/3	0.3333333333333333		5/12	5/12	4/4	1	1	1/12		1/8	2/3		0	84	C6	6	263
24	24	94	94	1.0		1/2	1/2	4/4	2	1	1/4		1/4	1		1	55	G3	3	271
24	24	94	94	0.3333333333333333		1/2	1/2	4/4	1	1	1/12		1/8	2/3		5	83	B5	5	264
24	24	283/3	283/3	0.3333333333333333		7/12	7/12	4/4	1	1	1/12		1/8	2/3		0	84	C6	6	265
24	24	284/3	284/3	0.3333333333333333		2/3	2/3	4/4	1	1	1/12		1/8	2/3		-5	85	Db6	6	266
24	24	95	95	1.0		3/4	3/4	4/4	2	1	1/4		1/4	1		5	59	B3	3	272
24	24	95	95	0.3333333333333333		3/4	3/4	4/4	1	1	1/12		1/8	2/3		-4	80	Ab5	5	267
24	24	286/3	286/3	0.3333333333333333		5/6	5/6	4/4	1	1	1/12		1/8	2/3		1	79	G5	5	268
24	24	287/3	287/3	0.3333333333333333		11/12	11/12	4/4	1	1	1/12		1/8	2/3		-1	77	F5	5	269
25	25	96	96	1.0		0	0	4/4	2	1	1/4		1/4	1		0	60	C4	4	281
25	25	96	96	0.3333333333333333		0	0	4/4	1	1	1/12		1/8	2/3		-3	75	Eb5	5	273
25	25	289/3	289/3	0.3333333333333333		1/12	1/12	4/4	1	1	1/12		1/8	2/3		0	84	C6	6	274
25	25	290/3	290/3	0.3333333333333333		1/6	1/6	4/4	1	1	1/12		1/8	2/3		-2	82	Bb5	5	275
25	25	97	97	1.0		1/4	1/4	4/4	2	1	1/4		1/4	1		-1	53	F3	3	282
25	25	97	97	0.3333333333333333		1/4	1/4	4/4	1	1	1/12		1/8	2/3		-4	80	Ab5	5	276
25	25	292/3	292/3	0.3333333333333333		1/3	1/3	4/4	1	1	1/12		1/8	2/3		1	79	G5	5	277
25	25	293/3	293/3	0.3333333333333333		5/12	5/12	4/4	1	1	1/12		1/8	2/3		-1	77	F5	5	278
25	25	98	98	1.0		1/2	1/2	4/4	2	1	1/4		1/4	1		1	55	G3	3	283
25	25	98	98	1.0		1/2	1/2	4/4	1	1	1/4		1/4	1		-3	75	Eb5	5	279
25	25	99	99	1.0		3/4	3/4	4/4	2	1	1/4		1/4	1		1	43	G2	2	284
25	25	99	99	1.0		3/4	3/4	4/4	1	1	1/4		1/4	1		2	74	D5	5	280
26	26	100	100	1.0		0	0	4/4	2	1	1/4		1/4	1		0	48	C3	3	293
26	26	100	100	0.75		0	0	4/4	1	1	3/16		1/8	3/2		0	72	C5	5	285
26	26	403/4	403/4	0.25		3/16	3/16	4/4	1	1	1/16		1/16	1		-3	51	Eb3	3	286
26	26	101	101	0.75		1/4	1/4	4/4	1	1	3/16		1/8	3/2		1	55	G3	3	287
26	26	407/4	407/4	0.25		7/16	7/16	4/4	1	1	1/16		1/16	1		0	60	C4	4	288
26	26	102	102	0.75		1/2	1/2	4/4	1	1	3/16		1/8	3/2		-3	63	Eb4	4	289
26	26	411/4	411/4	0.25		11/16	11/16	4/4	1	1	1/16		1/16	1		1	67	G4	4	290
26	26	103	103	0.75		3/4	3/4	4/4	1	1	3/16		1/8	3/2		0	72	C5	5	291
26	26	415/4	415/4	0.25		15/16	15/16	4/4	1	1	1/16		1/16	1		-3	75	Eb5	5	292
27	27	104	104	0.75		0	0	4/4	1	1	3/16		1/8	3/2		1	79	G5	5	294
27	27	419/4	419/4	0.25		3/16	3/16	4/4	1	1	1/16		1/16	1		0	84	C6	6	295
27	27	105	105	0.75		1/4	1/4	4/4	1	1	3/16		1/8	3/2		-3	87	Eb6	6	296
27	27	423/4	423/4	0.25		7/16	7/16	4/4	1	1	1/16		1/16	1		5	83	B5	5	297
27	27	106	106	1.0		1/2	1/2	4/4	1	1	1/4		1/4	1		0	84	C6	6	298
27	27	107	107	1.0		3/4	3/4	4/4	2	1	1/4		1/4	1		-4	44	Ab2	2	299
27	27	107	107	1.0		3/4	3/4	4/4	2	1	1/4		1/4	1		-4	56	Ab3	3	299
28	28	108	108	1.5		0	0	4/4	1	1	3/8		1/4	3/2		2	62	D4	4	300
28	28	109	109	1.0		1/4	1/4	4/4	2	1	1/4		1/4	1		-1	41	F2	2	308
28	28	109	109	1.0		1/4	1/4	4/4	2	1	1/4		1/4	1		-1	53	F3	3	308
28	28	439/4	439/4	0.25		7/16	7/16	4/4	1	1	1/16		1/16	1		-4	68	Ab4	4	301
28	28	110	110	0.3333333333333333		1/2	1/2	4/4	1	1	1/12		1/8	2/3		1	67	G4	4	302
28	28	331/3	331/3	0.3333333333333333		7/12	7/12	4/4	1	1	1/12		1/8	2/3		-1	65	F4	4	303
28	28	332/3	332/3	0.3333333333333333		2/3	2/3	4/4	1	1	1/12		1/8	2/3		-3	63	Eb4	4	304
28	28	111	111	1.0		3/4	3/4	4/4	2	1	1/4		1/4	1		1	43	G2	2	309
28	28	111	111	1.0		3/4	3/4	4/4	2	1	1/4		1/4	1		1	55	G3	3	309
28	28	111	111	0.3333333333333333		3/4	3/4	4/4	1	1	1/12		1/8	2/3		2	62	D4	4	305
28	28	334/3	334/3	0.3333333333333333		5/6	5/6	4/4	1	1	1/12		1/8	2/3		0	60	C4	4	306
28	28	335/3	335/3	0.3333333333333333		11/12	11/12	4/4	1	1	1/12		1/8	2/3		5	59	B3	3	307
29	29	112	112	1.0		0	0	4/4	2	1	1/4		1/4	1		0	36	C2	2	318
29	29	112	112	1.0		0	0	4/4	2	1	1/4		1/4	1		0	48	C3	3	318
29	29	112	112	0.75		0	0	4/4	1	1	3/16		1/8	3/2		0	60	C4	4	310
29	29	451/4	451/4	0.25		3/16	3/16	4/4	1	1	1/16		1/16	1		-3	51	Eb3	3	311
29	29	113	113	0.75		1/4	1/4	4/4	1	1	3/16		1/8	3/2		1	55	G3	3	312
29	29	455/4	455/4	0.25		7/16	7/16	4/4	1	1	1/16		1/16	1		0	60	C4	4	313
29	29	114	114	0.75		1/2	1/2	4/4	1	1	3/16		1/8	3/2		-3	63	Eb4	4	314
29	29	459/4	459/4	0.25		11/16	11/16	4/4	1	1	1/16		1/16	1		1	67	G4	4	315
29	29	115	115	0.75		3/4	3/4	4/4	1	1	3/16		1/8	3/2		0	72	C5	5	316
29	29	463/4	463/4	0.25		15/16	15/16	4/4	1	1	1/16		1/16	1		-3	75	Eb5	5	317
30	30	116	116	0.75		0	0	4/4	1	1	3/16		1/8	3/2		1	79	G5	5	319
30	30	467/4	467/4	0.25		3/16	3/16	4/4	1	1	1/16		1/16	1		0	84	C6	6	320
30	30	117	117	0.75		1/4	1/4	4/4	1	1	3/16		1/8	3/2		-3	87	Eb6	6	321
30	30	471/4	471/4	0.25		7/16	7/16	4/4	1	1	1/16		1/16	1		5	83	B5	5	322
30	30	118	118	1.0		1/2	1/2	4/4	1	1	1/4		1/4	1		0	84	C6	6	323
30	30	119	119	1.0		3/4	3/4	4/4	2	1	1/4		1/4	1		-4	44	Ab2	2	324
30	30	119	119	1.0		3/4	3/4	4/4	2	1	1/4		1/4	1		-4	56	Ab3	3	324
31	31	120	120	2.0		0	0	4/4	1	1	1/2		1/2	1		2	62	D4	4	325
31	31	121	121	2.0		1/4	1/4	4/4	2	1	1/2		1/2	1		6	54	F#3	3	328
31	31	121	121	2.0		1/4	1/4	4/4	2	1	1/2		1/2	1		3	57	A3	3	328
31	31	121	121	2.0		1/4	1/4	4/4	2	1	1/2		1/2	1		0	60	C4	4	328
31	31	122	122	0.0		1/2	1/2	4/4	1	1	0	grace32	1/32	1		7	61	C#4	4	326
31	31	122	122	2.0		1/2	1/2	4/4	1	1	1/2		1/2	1		2	62	D4	4	327
31	31	123	123	1.0		3/4	3/4	4/4	2	1	1/4		1/4	1		6	54	F#3	3	329
31	31	123	123	1.0		3/4	3/4	4/4	2	1	1/4		1/4	1		3	57	A3	3	329
31	31	123	123	1.0		3/4	3/4	4/4	2	1	1/4		1/4	1		0	60	C4	4	329
32	32	124	124	0.0		0	0	4/4	1	1	0	grace32	1/32	1		2	62	D4	4	330
32	32	124	124	1.0		0	0	4/4	1	1	1/4		1/4	1		2	62	D4	4	331
32	32	125	125	1.0		1/4	1/4	4/4	2	1	1/4		1/4	1		-1	53	F3	3	337
32	32	125	125	1.0		1/4	1/4	4/4	2	1	1/4		1/4	1		5	59	B3	3	337
32	32	503/4	503/4	0.25		7/16	7/16	4/4	1	1	1/16		1/16	1		-4	68	Ab4	4	332
32	32	126	126	1.0		1/2	1/2	4/4	2	1	1/4		1/4	1		-3	51	Eb3	3	338
32	32	126	126	0.75		1/2	1/2	4/4	1	1	3/16		1/8	3/2		1	67	G4	4	333
32	32	507/4	507/4	0.25		11/16	11/16	4/4	1	1	1/16		1/16	1		0	60	C4	4	334
32	32	127	127	1.0		3/4	3/4	4/4	2	1	1/4		1/4	1		2	50	D3	3	339
32	32	127	127	0.75		3/4	3/4	4/4	1	1	3/16		1/8	3/2		5	59	B3	3	335
32	32	511/4	511/4	0.25		15/16	15/16	4/4	1	1	1/16		1/16	1		-1	65	F4	4	336
33	33	128	128	1.0		0	0	4/4	2	1	1/4		1/4	1		0	48	C3	3	348
33	33	128	128	0.3333333333333333		0	0	4/4	1	1	1/12		1/8	2/3		-3	63	Eb4	4	340
33	33	385/3	385/3	0.3333333333333333		1/12	1/12	4/4	1	1	1/12		1/8	2/3		0	72	C5	5	341
33	33	386/3	386/3	0.3333333333333333		1/6	1/6	4/4	1	1	1/12		1/8	2/3		1	67	G4	4	342
33	33	129	129	1.0		1/4	1/4	4/4	2	1	1/4		1/4	1		-1	53	F3	3	349
33	33	129	129	0.3333333333333333		1/4	1/4	4/4	1	1	1/12		1/8	2/3		-4	68	Ab4	4	343
33	33	388/3	388/3	0.3333333333333333		1/3	1/3	4/4	1	1	1/12		1/8	2/3		-1	65	F4	4	344
33	33	389/3	389/3	0.3333333333333333		5/12	5/12	4/4	1	1	1/12		1/8	2/3		2	62	D4	4	345
33	33	130	130	1.0		1/2	1/2	4/4	2	1	1/4		1/4	1		1	55	G3	3	350
33	33	130	130	1.0		1/2	1/2	4/4	1	1	1/4		1/4	1		0	60	C4	4	346
33	33	131	131	1.0		3/4	3/4	4/4	2	1	1/4		1/4	1		1	43	G2	2	351
33	33	131	131	1.0		3/4	3/4	4/4	1	1	1/4		1/4	1		2	62	D4	4	347
34	34		132	1.0	1	0	0	4/4	2	1	1/4		1/4	1		0	48	C3	3	360
34	34		132	1.0	1	0	0	4/4	1	1	1/4		1/4	1		0	60	C4	4	352
34	34		535/4	0.25	1	7/16	7/16	4/4	2	1	1/16		1/16	1		-5	49	Db3	3	361
34	34		535/4	0.25	1	7/16	7/16	4/4	1	1	1/16		1/16	1		-5	61	Db4	4	353
34	34		134	0.3333333333333333	1	1/2	1/2	4/4	2	1	1/12		1/8	2/3		0	48	C3	3	362
34	34		134	0.3333333333333333	1	1/2	1/2	4/4	1	1	1/12		1/8	2/3		0	60	C4	4	354
34	34		403/3	0.3333333333333333	1	7/12	7/12	4/4	2	1	1/12		1/8	2/3		-2	46	Bb2	2	363
34	34		403/3	0.3333333333333333	1	7/12	7/12	4/4	1	1	1/12		1/8	2/3		-2	58	Bb3	3	355
34	34		404/3	0.3333333333333333	1	2/3	2/3	4/4	2	1	1/12		1/8	2/3		-4	44	Ab2	2	364
34	34		404/3	0.3333333333333333	1	2/3	2/3	4/4	1	1	1/12		1/8	2/3		-4	56	Ab3	3	356
34	34		135	0.3333333333333333	1	3/4	3/4	4/4	2	1	1/12		1/8	2/3		1	43	G2	2	365
34	34		135	0.3333333333333333	1	3/4	3/4	4/4	1	1	1/12		1/8	2/3		1	55	G3	3	357
34	34		406/3	0.3333333333333333	1	5/6	5/6	4/4	2	1	1/12		1/8	2/3		-1	41	F2	2	366
34	34		406/3	0.3333333333333333	1	5/6	5/6	4/4	1	1	1/12		1/8	2/3		-1	53	F3	3	358
34	34		407/3	0.3333333333333333	1	11/12	11/12	4/4	2	1	1/12		1/8	2/3		4	40	E2	2	367
34	34		407/3	0.3333333333333333	1	11/12	11/12	4/4	1	1	1/12		1/8	2/3		4	52	E3	3	359
35	34	132	136	1.0	2	0	0	4/4	2	1	1/4		1/4	1		0	48	C3	3	376
35	34	132	136	1.0	2	0	0	4/4	1	1	1/4		1/4	1		0	60	C4	4	368
35	34	535/4	551/4	0.25	2	7/16	7/16	4/4	2	1	1/16		1/16	1		-1	53	F3	3	377
35	34	535/4	551/4	0.25	2	7/16	7/16	4/4	1	1	1/16		1/16	1		-1	65	F4	4	369
35	34	134	138	0.3333333333333333	2	1/2	1/2	4/4	2	1	1/12		1/8	2/3		-3	51	Eb3	3	378
35	34	134	138	0.3333333333333333	2	1/2	1/2	4/4	1	1	1/12		1/8	2/3		-3	63	Eb4	4	370
35	34	403/3	415/3	0.3333333333333333	2	7/12	7/12	4/4	2	1	1/12		1/8	2/3		-5	49	Db3	3	379
35	34	403/3	415/3	0.3333333333333333	2	7/12	7/12	4/4	1	1	1/12		1/8	2/3		-5	61	Db4	4	371
35	34	404/3	416/3	0.3333333333333333	2	2/3	2/3	4/4	2	1	1/12		1/8	2/3		0	48	C3	3	380
35	34	404/3	416/3	0.3333333333333333	2	2/3	2/3	4/4	1	1	1/12		1/8	2/3		0	60	C4	4	372
35	34	135	139	0.3333333333333333	2	3/4	3/4	4/4	2	1	1/12		1/8	2/3		-2	46	Bb2	2	381
35	34	135	139	0.3333333333333333	2	3/4	3/4	4/4	1	1	1/12		1/8	2/3		-2	58	Bb3	3	373
35	34	406/3	418/3	0.3333333333333333	2	5/6	5/6	4/4	2	1	1/12		1/8	2/3		-4	44	Ab2	2	382
35	34	406/3	418/3	0.3333333333333333	2	5/6	5/6	4/4	1	1	1/12		1/8	2/3		-4	56	Ab3	3	374
35	34	407/3	419/3	0.3333333333333333	2	11/12	11/12	4/4	2	1	1/12		1/8	2/3		1	43	G2	2	383
35	34	407/3	419/3	0.3333333333333333	2	11/12	11/12	4/4	1	1	1/12		1/8	2/3		1	55	G3	3	375
36	35	136	140	1.0		0	0	4/4	2	1	1/4		1/4	1		-4	44	Ab2	2	391
36	35	136	140	1.0		0	0	4/4	2	1	1/4		1/4	1		-4	56	Ab3	3	391
36	35	547/4	563/4	0.25		3/16	3/16	4/4	1	1	1/16		1/16	1		0	60	C4	4	384
36	35	137	141	0.75		1/4	1/4	4/4	1	1	3/16		1/8	3/2		-3	63	Eb4	4	385
36	35	551/4	567/4	0.25		7/16	7/16	4/4	1	1	1/16		1/16	1		-4	68	Ab4	4	386
36	35	138	142	1.0		1/2	1/2	4/4	2	1	1/4		1/4	1		-4	56	Ab3	3	392
36	35	138	142	1.0		1/2	1/2	4/4	2	1	1/4		1/4	1		-3	63	Eb4	4	392
36	35	138	142	0.75		1/2	1/2	4/4	1	1	3/16		1/8	3/2		0	72	C5	5	387
36	35	555/4	571/4	0.25		11/16	11/16	4/4	1	1	1/16		1/16	1		-3	75	Eb5	5	388
36	35	139	143	0.75		3/4	3/4	4/4	1	1	3/16		1/8	3/2		-4	80	Ab5	5	389
36	35	559/4	575/4	0.25		15/16	15/16	4/4	1	1	1/16		1/16	1		0	84	C6	6	390
37	36	140	144	1.0		0	0	4/4	2	1	1/4		1/4	1		1	55	G3	3	398
37	36	140	144	1.0		0	0	4/4	2	1	1/4		1/4	1		-3	63	Eb4	4	398
37	36	140	144	1.0		0	0	4/4	1	1	1/4		1/4	1		-2	82	Bb5	5	393
37	36	141	145	1.0		1/4	1/4	4/4	1	1	1/4		1/4	1		-3	75	Eb5	5	394
37	36	142	146	1.0		1/2	1/2	4/4	2	1	1/4		1/4	1		-3	51	Eb3	3	399
37	36	142	146	1.0		1/2	1/2	4/4	2	1	1/4		1/4	1		1	55	G3	3	399
37	36	571/4	587/4	0.25		11/16	11/16	4/4	1	1	1/16		1/16	1		-5	73	Db5	5	395
37	36	143	147	0.75		3/4	3/4	4/4	1	1	3/16		1/8	3/2		0	72	C5	5	396
37	36	575/4	591/4	0.25		15/16	15/16	4/4	1	1	1/16		1/16	1		-2	70	Bb4	4	397
38	37	144	148	1.0		0	0	4/4	2	1	1/4		1/4	1		-4	44	Ab2	2	408
38	37	144	148	1.0		0	0	4/4	2	1	1/4		1/4	1		-4	56	Ab3	3	408
38	37	144	148	0.75		0	0	4/4	1	1	3/16		1/8	3/2		0	72	C5	5	400
38	37	579/4	595/4	0.25		3/16	3/16	4/4	1	1	1/16		1/16	1		0	60	C4	4	401
38	37	145	149	0.75		1/4	1/4	4/4	1	1	3/16		1/8	3/2		-3	63	Eb4	4	402
38	37	583/4	599/4	0.25		7/16	7/16	4/4	1	1	1/16		1/16	1		-4	68	Ab4	4	403
38	37	146	150	1.0		1/2	1/2	4/4	2	1	1/4		1/4	1		-4	56	Ab3	3	409
38	37	146	150	1.0		1/2	1/2	4/4	2	1	1/4		1/4	1		-3	63	Eb4	4	409
38	37	146	150	0.75		1/2	1/2	4/4	1	1	3/16		1/8	3/2		0	72	C5	5	404
38	37	587/4	603/4	0.25		11/16	11/16	4/4	1	1	1/16		1/16	1		-3	75	Eb5	5	405
38	37	147	151	0.75		3/4	3/4	4/4	1	1	3/16		1/8	3/2		-4	80	Ab5	5	406
38	37	591/4	607/4	0.25		15/16	15/16	4/4	1	1	1/16		1/16	1		0	84	C6	6	407
39	38	148	152	1.0		0	0	4/4	2	1	1/4		1/4	1		1	55	G3	3	418
39	38	148	152	1.0		0	0	4/4	2	1	1/4		1/4	1		-3	63	Eb4	4	418
39	38	148	152	1.0		0	0	4/4	1	1	1/4		1/4	1		-2	82	Bb5	5	410
39	38	149	153	1.0		1/4	1/4	4/4	1	1	1/4		1/4	1		-3	75	Eb5	5	411
39	38	150	154	1.0		1/2	1/2	4/4	2	1	1/4		1/4	1		-3	51	Eb3	3	419
39	38	150	154	1.0		1/2	1/2	4/4	2	1	1/4		1/4	1		1	55	G3	3	419
39	38	301/2	309/2	0.25		5/8	5/8	4/4	1	1	1/16		1/16	1		-2	70	Bb4	4	412
39	38	603/4	619/4	0.25		11/16	11/16	4/4	1	1	1/16		1/16	1		0	72	C5	5	413
39	38	151	155	0.25		3/4	3/4	4/4	1	1	1/16		1/16	1		-3	75	Eb5	5	414
39	38	605/4	621/4	0.25		13/16	13/16	4/4	1	1	1/16		1/16	1		-5	73	Db5	5	415
39	38	303/2	311/2	0.25		7/8	7/8	4/4	1	1	1/16		1/16	1		0	72	C5	5	416
39	38	607/4	623/4	0.25		15/16	15/16	4/4	1	1	1/16		1/16	1		-2	70	Bb4	4	417
40	39	152	156	1.0		0	0	4/4	2	1	1/4		1/4	1		-4	44	Ab2	2	425
40	39	152	156	1.0		0	0	4/4	2	1	1/4		1/4	1		-4	56	Ab3	3	425
40	39	152	156	0.75		0	0	4/4	1	1	3/16		1/8	3/2		0	72	C5	5	420
40	39	611/4	627/4	0.25		3/16	3/16	4/4	1	1	1/16		1/16	1		0	72	C5	5	421
40	39	153	157	0.75		1/4	1/4	4/4	1	1	3/16		1/8	3/2		0	84	C6	6	422
40	39	615/4	631/4	0.25		7/16	7/16	4/4	1	1	1/16		1/16	1		0	84	C6	6	423
40	39	154	158	2.0		1/2	1/2	4/4	1	1	1/2		1/2	1	1	0	84	C6	6	424
40	39	619/4	635/4	0.25		11/16	11/16	4/4	2	1	1/16		1/16	1		-4	56	Ab3	3	426
40	39	155	159	0.75		3/4	3/4	4/4	2	1	3/16		1/8	3/2		0	60	C4	4	427
40	39	623/4	639/4	0.25		15/16	15/16	4/4	2	1	1/16		1/16	1		-3	63	Eb4	4	428
41	40	156	160	1.0		0	0	4/4	2	1	1/4		1/4	1		-6	54	Gb3	3	434
41	40	156	160	0.75		0	0	4/4	1	1	3/16		1/8	3/2	-1	0	84	C6	6	429
41	40	627/4	643/4	0.25		3/16	3/16	4/4	1	1	1/16		1/16	1		0	72	C5	5	430
41	40	157	161	0.75		1/4	1/4	4/4	1	1	3/16		1/8	3/2		0	84	C6	6	431
41	40	631/4	647/4	0.25		7/16	7/16	4/4	1	1	1/16		1/16	1		0	84	C6	6	432
41	40	158	162	2.0		1/2	1/2	4/4	1	1	1/2		1/2	1	1	0	84	C6	6	433
41	40	635/4	651/4	0.25		11/16	11/16	4/4	2	1	1/16		1/16	1		-6	54	Gb3	3	435
41	40	159	163	0.75		3/4	3/4	4/4	2	1	3/16		1/8	3/2		0	60	C4	4	436
41	40	639/4	655/4	0.25		15/16	15/16	4/4	2	1	1/16		1/16	1		-3	63	Eb4	4	437
42	41	160	164	1.0		0	0	4/4	2	1	1/4		1/4	1		-1	53	F3	3	450
42	41	160	164	0.3333333333333333		0	0	4/4	1	1	1/12		1/8	2/3	-1	0	84	C6	6	438
42	41	481/3	493/3	0.3333333333333333		1/12	1/12	4/4	1	1	1/12		1/8	2/3		0	72	C5	5	439
42	41	482/3	494/3	0.3333333333333333		1/6	1/6	4/4	1	1	1/12		1/8	2/3		-3	87	Eb6	6	440
42	41	161	165	0.3333333333333333		1/4	1/4	4/4	1	1	1/12		1/8	2/3		-5	85	Db6	6	441
42	41	484/3	496/3	0.3333333333333333		1/3	1/3	4/4	1	1	1/12		1/8	2/3		0	84	C6	6	442
42	41	485/3	497/3	0.3333333333333333		5/12	5/12	4/4	1	1	1/12		1/8	2/3		-2	82	Bb5	5	443
42	41	162	166	1.0		1/2	1/2	4/4	2	1	1/4		1/4	1		-1	53	F3	3	451
42	41	162	166	1.0		1/2	1/2	4/4	2	1	1/4		1/4	1		0	60	C4	4	451
42	41	162	166	0.3333333333333333		1/2	1/2	4/4	1	1	1/12		1/8	2/3		3	81	A5	5	444
42	41	487/3	499/3	0.3333333333333333		7/12	7/12	4/4	1	1	1/12		1/8	2/3		-2	82	Bb5	5	445
42	41	488/3	500/3	0.3333333333333333		2/3	2/3	4/4	1	1	1/12		1/8	2/3		0	84	C6	6	446
42	41	163	167	0.3333333333333333		3/4	3/4	4/4	1	1	1/12		1/8	2/3		-6	78	Gb5	5	447
42	41	490/3	502/3	0.3333333333333333		5/6	5/6	4/4	1	1	1/12		1/8	2/3		-1	77	F5	5	448
42	41	491/3	503/3	0.3333333333333333		11/12	11/12	4/4	1	1	1/12		1/8	2/3		-3	75	Eb5	5	449
43	42	164	168	1.0		0	0	4/4	2	1	1/4		1/4	1		-2	46	Bb2	2	457
43	42	164	168	1.0		0	0	4/4	2	1	1/4		1/4	1		-2	58	Bb3	3	457
43	42	164	168	0.75		0	0	4/4	1	1	3/16		1/8	3/2		-5	73	Db5	5	452
43	42	659/4	675/4	0.25		3/16	3/16	4/4	1	1	1/16		1/16	1		-1	77	F5	5	453
43	42	165	169	0.75		1/4	1/4	4/4	1	1	3/16		1/8	3/2		-1	89	F6	6	454
43	42	663/4	679/4	0.25		7/16	7/16	4/4	1	1	1/16		1/16	1		-1	89	F6	6	455
43	42	166	170	2.0		1/2	1/2	4/4	1	1	1/2		1/2	1	1	-1	89	F6	6	456
43	42	667/4	683/4	0.25		11/16	11/16	4/4	2	1	1/16		1/16	1		-2	58	Bb3	3	458
43	42	167	171	0.75		3/4	3/4	4/4	2	1	3/16		1/8	3/2		-5	61	Db4	4	459
43	42	671/4	687/4	0.25		15/16	15/16	4/4	2	1	1/16		1/16	1		-1	65	F4	4	460
44	43	168	172	1.0		0	0	4/4	2	1	1/4		1/4	1		-4	56	Ab3	3	466
44	43	168	172	0.75		0	0	4/4	1	1	3/16		1/8	3/2	-1	-1	89	F6	6	461
44	43	675/4	691/4	0.25		3/16	3/16	4/4	1	1	1/16		1/16	1		-1	77	F5	5	462
44	43	169	173	0.75		1/4	1/4	4/4	1	1	3/16		1/8	3/2		-1	89	F6	6	463
44	43	679/4	695/4	0.25		7/16	7/16	4/4	1	1	1/16		1/16	1		-1	89	F6	6	464
44	43	170	174	2.0		1/2	1/2	4/4	1	1	1/2		1/2	1	1	-1	89	F6	6	465
44	43	683/4	699/4	0.25		11/16	11/16	4/4	2	1	1/16		1/16	1		-4	56	Ab3	3	467
44	43	171	175	0.75		3/4	3/4	4/4	2	1	3/16		1/8	3/2		2	62	D4	4	468
44	43	687/4	703/4	0.25		15/16	15/16	4/4	2	1	1/16		1/16	1		-1	65	F4	4	469
45	44	172	176	1.0		0	0	4/4	2	1	1/4		1/4	1		1	55	G3	3	482
45	44	172	176	0.3333333333333333		0	0	4/4	1	1	1/12		1/8	2/3	-1	-1	89	F6	6	470
45	44	517/3	529/3	0.3333333333333333		1/12	1/12	4/4	1	1	1/12		1/8	2/3		-1	77	F5	5	471
45	44	518/3	530/3	0.3333333333333333		1/6	1/6	4/4	1	1	1/12		1/8	2/3		-1	89	F6	6	472
45	44	173	177	0.3333333333333333		1/4	1/4	4/4	1	1	1/12		1/8	2/3		-3	87	Eb6	6	473
45	44	520/3	532/3	0.3333333333333333		1/3	1/3	4/4	1	1	1/12		1/8	2/3		2	86	D6	6	474
45	44	521/3	533/3	0.3333333333333333		5/12	5/12	4/4	1	1	1/12		1/8	2/3		0	84	C6	6	475
45	44	174	178	1.0		1/2	1/2	4/4	2	1	1/4		1/4	1		1	55	G3	3	483
45	44	174	178	1.0		1/2	1/2	4/4	2	1	1/4		1/4	1		2	62	D4	4	483
45	44	174	178	0.3333333333333333		1/2	1/2	4/4	1	1	1/12		1/8	2/3		5	83	B5	5	476
45	44	523/3	535/3	0.3333333333333333		7/12	7/12	4/4	1	1	1/12		1/8	2/3		0	84	C6	6	477
45	44	524/3	536/3	0.3333333333333333		2/3	2/3	4/4	1	1	1/12		1/8	2/3		2	86	D6	6	478
45	44	175	179	0.3333333333333333		3/4	3/4	4/4	1	1	1/12		1/8	2/3		-4	80	Ab5	5	479
45	44	526/3	538/3	0.3333333333333333		5/6	5/6	4/4	1	1	1/12		1/8	2/3		1	79	G5	5	480
45	44	527/3	539/3	0.3333333333333333		11/12	11/12	4/4	1	1	1/12		1/8	2/3		-1	77	F5	5	481
46	45	176	180	1.0		0	0	4/4	2	1	1/4		1/4	1		0	48	C3	3	496
46	45	176	180	1.0		0	0	4/4	2	1	1/4		1/4	1		0	60	C4	4	496
46	45	176	180	0.3333333333333333		0	0	4/4	1	1	1/12		1/8	2/3		-3	75	Eb5	5	484
46	45	529/3	541/3	0.3333333333333333		1/12	1/12	4/4	1	1	1/12		1/8	2/3		1	79	G5	5	485
46	45	530/3	542/3	0.3333333333333333		1/6	1/6	4/4	1	1	1/12		1/8	2/3		0	84	C6	6	486
46	45	177	181	0.3333333333333333		1/4	1/4	4/4	1	1	1/12		1/8	2/3		-3	87	Eb6	6	487
46	45	532/3	544/3	0.3333333333333333		1/3	1/3	4/4	1	1	1/12		1/8	2/3		5	83	B5	5	488
46	45	533/3	545/3	0.3333333333333333		5/12	5/12	4/4	1	1	1/12		1/8	2/3		0	84	C6	6	489
46	45	178	182	0.3333333333333333		1/2	1/2	4/4	1	1	1/12		1/8	2/3		-3	87	Eb6	6	490
46	45	535/3	547/3	0.3333333333333333		7/12	7/12	4/4	1	1	1/12		1/8	2/3		5	83	B5	5	491
46	45	536/3	548/3	0.3333333333333333		2/3	2/3	4/4	1	1	1/12		1/8	2/3		0	84	C6	6	492
46	45	179	183	1.0		3/4	3/4	4/4	2	1	1/4		1/4	1		-2	58	Bb3	3	497
46	45	179	183	0.3333333333333333		3/4	3/4	4/4	1	1	1/12		1/8	2/3		-3	87	Eb6	6	493
46	45	538/3	550/3	0.3333333333333333		5/6	5/6	4/4	1	1	1/12		1/8	2/3		0	84	C6	6	494
46	45	539/3	551/3	0.3333333333333333		11/12	11/12	4/4	1	1	1/12		1/8	2/3		1	79	G5	5	495
47	46	180	184	1.0		0	0	4/4	2	1	1/4		1/4	1		3	57	A3	3	510
47	46	180	184	0.3333333333333333		0	0	4/4	1	1	1/12		1/8	2/3		-3	87	Eb6	6	498
47	46	541/3	553/3	0.3333333333333333		1/12	1/12	4/4	1	1	1/12		1/8	2/3		0	84	C6	6	499
47	46	542/3	554/3	0.3333333333333333		1/6	1/6	4/4	1	1	1/12		1/8	2/3		3	81	A5	5	500
47	46	181	185	1.0		1/4	1/4	4/4	2	1	1/4		1/4	1		0	60	C4	4	511
47	46	181	185	0.3333333333333333		1/4	1/4	4/4	1	1	1/12		1/8	2/3		-1	77	F5	5	501
47	46	544/3	556/3	0.3333333333333333		1/3	1/3	4/4	1	1	1/12		1/8	2/3		4	76	E5	5	502
47	46	545/3	557/3	0.3333333333333333		5/12	5/12	4/4	1	1	1/12		1/8	2/3		-1	77	F5	5	503
47	46	182	186	1.0		1/2	1/2	4/4	2	1	1/4		1/4	1		-1	65	F4	4	512
47	46	182	186	0.3333333333333333		1/2	1/2	4/4	1	1	1/12		1/8	2/3		-3	87	Eb6	6	504
47	46	547/3	559/3	0.3333333333333333		7/12	7/12	4/4	1	1	1/12		1/8	2/3		0	84	C6	6	505
47	46	548/3	560/3	0.3333333333333333		2/3	2/3	4/4	1	1	1/12		1/8	2/3		3	81	A5	5	506
47	46	183	187	1.0		3/4	3/4	4/4	2	1	1/4		1/4	1		3	57	A3	3	513
47	46	183	187	0.3333333333333333		3/4	3/4	4/4	1	1	1/12		1/8	2/3		-1	77	F5	5	507
47	46	550/3	562/3	0.3333333333333333		5/6	5/6	4/4	1	1	1/12		1/8	2/3		4	76	E5	5	508
47	46	551/3	563/3	0.3333333333333333		11/12	11/12	4/4	1	1	1/12		1/8	2/3		-1	77	F5	5	509
48	47	184	188	1.0		0	0	4/4	2	1	1/4		1/4	1		-2	46	Bb2	2	526
48	47	184	188	1.0		0	0	4/4	2	1	1/4		1/4	1		-2	58	Bb3	3	526
48	47	184	188	0.3333333333333333		0	0	4/4	1	1	1/12		1/8	2/3		-5	73	Db5	5	514
48	47	553/3	565/3	0.3333333333333333		1/12	1/12	4/4	1	1	1/12		1/8	2/3		-1	77	F5	5	515
48	47	554/3	566/3	0.3333333333333333		1/6	1/6	4/4	1	1	1/12		1/8	2/3		-2	82	Bb5	5	516
48	47	185	189	0.3333333333333333		1/4	1/4	4/4	1	1	1/12		1/8	2/3		-5	85	Db6	6	517
48	47	556/3	568/3	0.3333333333333333		1/3	1/3	4/4	1	1	1/12		1/8	2/3		3	81	A5	5	518
48	47	557/3	569/3	0.3333333333333333		5/12	5/12	4/4	1	1	1/12		1/8	2/3		-2	82	Bb5	5	519
48	47	186	190	0.3333333333333333		1/2	1/2	4/4	1	1	1/12		1/8	2/3		-5	85	Db6	6	520
48	47	559/3	571/3	0.3333333333333333		7/12	7/12	4/4	1	1	1/12		1/8	2/3		3	81	A5	5	521
48	47	560/3	572/3	0.3333333333333333		2/3	2/3	4/4	1	1	1/12		1/8	2/3		-2	82	Bb5	5	522
48	47	187	191	1.0		3/4	3/4	4/4	2	1	1/4		1/4	1		-4	56	Ab3	3	527
48	47	187	191	0.3333333333333333		3/4	3/4	4/4	1	1	1/12		1/8	2/3		-5	85	Db6	6	523
48	47	562/3	574/3	0.3333333333333333		5/6	5/6	4/4	1	1	1/12		1/8	2/3		-2	82	Bb5	5	524
48	47	563/3	575/3	0.3333333333333333		11/12	11/12	4/4	1	1	1/12		1/8	2/3		-1	77	F5	5	525
49	48	188	192	1.0		0	0	4/4	2	1	1/4		1/4	1		1	55	G3	3	540
49	48	188	192	0.3333333333333333		0	0	4/4	1	1	1/12		1/8	2/3		-5	85	Db6	6	528
49	48	565/3	577/3	0.3333333333333333		1/12	1/12	4/4	1	1	1/12		1/8	2/3		-2	82	Bb5	5	529
49	48	566/3	578/3	0.3333333333333333		1/6	1/6	4/4	1	1	1/12		1/8	2/3		1	79	G5	5	530
49	48	189	193	1.0		1/4	1/4	4/4	2	1	1/4		1/4	1		-2	58	Bb3	3	541
49	48	189	193	0.3333333333333333		1/4	1/4	4/4	1	1	1/12		1/8	2/3		-3	75	Eb5	5	531
49	48	568/3	580/3	0.3333333333333333		1/3	1/3	4/4	1	1	1/12		1/8	2/3		2	74	D5	5	532
49	48	569/3	581/3	0.3333333333333333		5/12	5/12	4/4	1	1	1/12		1/8	2/3		-3	75	Eb5	5	533
49	48	190	194	1.0		1/2	1/2	4/4	2	1	1/4		1/4	1		-3	63	Eb4	4	542
49	48	190	194	0.3333333333333333		1/2	1/2	4/4	1	1	1/12		1/8	2/3		-5	85	Db6	6	534
49	48	571/3	583/3	0.3333333333333333		7/12	7/12	4/4	1	1	1/12		1/8	2/3		-2	82	Bb5	5	535
49	48	572/3	584/3	0.3333333333333333		2/3	2/3	4/4	1	1	1/12		1/8	2/3		1	79	G5	5	536
49	48	191	195	1.0		3/4	3/4	4/4	2	1	1/4		1/4	1		1	55	G3	3	543
49	48	191	195	0.3333333333333333		3/4	3/4	4/4	1	1	1/12		1/8	2/3		-3	75	Eb5	5	537
49	48	574/3	586/3	0.3333333333333333		5/6	5/6	4/4	1	1	1/12		1/8	2/3		2	74	D5	5	538
49	48	575/3	587/3	0.3333333333333333		11/12	11/12	4/4	1	1	1/12		1/8	2/3		-3	75	Eb5	5	539
50	49	192	196	1.0		0	0	4/4	2	1	1/4		1/4	1		-4	44	Ab2	2	556
50	49	192	196	1.0		0	0	4/4	2	1	1/4		1/4	1		-4	56	Ab3	3	556
50	49	192	196	0.3333333333333333		0	0	4/4	1	1	1/12		1/8	2/3		-7	83	Cb6	6	544
50	49	577/3	589/3	0.3333333333333333		1/12	1/12	4/4	1	1	1/12		1/8	2/3		-3	75	Eb5	5	545
50	49	578/3	590/3	0.3333333333333333		1/6	1/6	4/4	1	1	1/12		1/8	2/3		-7	71	Cb5	5	546
50	49	193	197	0.3333333333333333		1/4	1/4	4/4	1	1	1/12		1/8	2/3		-7	83	Cb6	6	547
50	49	580/3	592/3	0.3333333333333333		1/3	1/3	4/4	1	1	1/12		1/8	2/3		-3	75	Eb5	5	548
50	49	581/3	593/3	0.3333333333333333		5/12	5/12	4/4	1	1	1/12		1/8	2/3		-7	71	Cb5	5	549
50	49	194	198	0.3333333333333333		1/2	1/2	4/4	1	1	1/12		1/8	2/3		-7	83	Cb6	6	550
50	49	583/3	595/3	0.3333333333333333		7/12	7/12	4/4	1	1	1/12		1/8	2/3		-3	75	Eb5	5	551
50	49	584/3	596/3	0.3333333333333333		2/3	2/3	4/4	1	1	1/12		1/8	2/3		-7	71	Cb5	5	552
50	49	195	199	1.0		3/4	3/4	4/4	2	1	1/4		1/4	1		-2	58	Bb3	3	557
50	49	195	199	0.3333333333333333		3/4	3/4	4/4	1	1	1/12		1/8	2/3		1	79	G5	5	553
50	49	586/3	598/3	0.3333333333333333		5/6	5/6	4/4	1	1	1/12		1/8	2/3		-3	75	Eb5	5	554
50	49	587/3	599/3	0.3333333333333333		11/12	11/12	4/4	1	1	1/12		1/8	2/3		-5	73	Db5	5	555
51	50	196	200	1.0		0	0	4/4	2	1	1/4		1/4	1		-7	59	Cb4	4	570
51	50	196	200	0.3333333333333333		0	0	4/4	1	1	1/12		1/8	2/3		-4	80	Ab5	5	558
51	50	589/3	601/3	0.3333333333333333		1/12	1/12	4/4	1	1	1/12		1/8	2/3		-3	75	Eb5	5	559
51	50	590/3	602/3	0.3333333333333333		1/6	1/6	4/4	1	1	1/12		1/8	2/3		-7	71	Cb5	5	560
51	50	197	201	1.0		1/4	1/4	4/4	2	1	1/4		1/4	1		-3	63	Eb4	4	571
51	50	197	201	0.3333333333333333		1/4	1/4	4/4	1	1	1/12		1/8	2/3		-4	80	Ab5	5	561
51	50	592/3	604/3	0.3333333333333333		1/3	1/3	4/4	1	1	1/12		1/8	2/3		-3	75	Eb5	5	562
51	50	593/3	605/3	0.3333333333333333		5/12	5/12	4/4	1	1	1/12		1/8	2/3		-7	71	Cb5	5	563
51	50	198	202	1.0		1/2	1/2	4/4	2	1	1/4		1/4	1		1	55	G3	3	572
51	50	198	202	0.3333333333333333		1/2	1/2	4/4	1	1	1/12		1/8	2/3		-2	82	Bb5	5	564
51	50	595/3	607/3	0.3333333333333333		7/12	7/12	4/4	1	1	1/12		1/8	2/3		-3	75	Eb5	5	565
51	50	596/3	608/3	0.3333333333333333		2/3	2/3	4/4	1	1	1/12		1/8	2/3		-5	73	Db5	5	566
51	50	199	203	1.0		3/4	3/4	4/4	2	1	1/4		1/4	1		-3	63	Eb4	4	573
51	50	199	203	0.3333333333333333		3/4	3/4	4/4	1	1	1/12		1/8	2/3		-2	82	Bb5	5	567
51	50	598/3	610/3	0.3333333333333333		5/6	5/6	4/4	1	1	1/12		1/8	2/3		-3	75	Eb5	5	568
51	50	599/3	611/3	0.3333333333333333		11/12	11/12	4/4	1	1	1/12		1/8	2/3		-5	73	Db5	5	569
52	51	200	204	1.0		0	0	4/4	2	1	1/4		1/4	1		-4	44	Ab2	2	586
52	51	200	204	1.0		0	0	4/4	2	1	1/4		1/4	1		-4	56	Ab3	3	586
52	51	200	204	0.3333333333333333		0	0	4/4	1	1	1/12		1/8	2/3		-7	83	Cb6	6	574
52	51	601/3	613/3	0.3333333333333333		1/12	1/12	4/4	1	1	1/12		1/8	2/3		-3	75	Eb5	5	575
52	51	602/3	614/3	0.3333333333333333		1/6	1/6	4/4	1	1	1/12		1/8	2/3		-7	71	Cb5	5	576
52	51	201	205	0.3333333333333333		1/4	1/4	4/4	1	1	1/12		1/8	2/3		-7	83	Cb6	6	577
52	51	604/3	616/3	0.3333333333333333		1/3	1/3	4/4	1	1	1/12		1/8	2/3		-3	75	Eb5	5	578
52	51	605/3	617/3	0.3333333333333333		5/12	5/12	4/4	1	1	1/12		1/8	2/3		-7	71	Cb5	5	579
52	51	202	206	0.3333333333333333		1/2	1/2	4/4	1	1	1/12		1/8	2/3		-7	83	Cb6	6	580
52	51	607/3	619/3	0.3333333333333333		7/12	7/12	4/4	1	1	1/12		1/8	2/3		-3	75	Eb5	5	581
52	51	608/3	620/3	0.3333333333333333		2/3	2/3	4/4	1	1	1/12		1/8	2/3		-7	71	Cb5	5	582
52	51	203	207	1.0		3/4	3/4	4/4	2	1	1/4		1/4	1		-2	58	Bb3	3	587
52	51	203	207	0.3333333333333333		3/4	3/4	4/4	1	1	1/12		1/8	2/3		1	79	G5	5	583
52	51	610/3	622/3	0.3333333333333333		5/6	5/6	4/4	1	1	1/12		1/8	2/3		-3	75	Eb5	5	584
52	51	611/3	623/3	0.3333333333333333		11/12	11/12	4/4	1	1	1/12		1/8	2/3		-5	73	Db5	5	585
53	52	204	208	1.0		0	0	4/4	2	1	1/4		1/4	1		-7	59	Cb4	4	600
53	52	204	208	0.3333333333333333		0	0	4/4	1	1	1/12		1/8	2/3		-4	80	Ab5	5	588
53	52	613/3	625/3	0.3333333333333333		1/12	1/12	4/4	1	1	1/12		1/8	2/3		-3	75	Eb5	5	589
53	52	614/3	626/3	0.3333333333333333		1/6	1/6	4/4	1	1	1/12		1/8	2/3		-7	71	Cb5	5	590
53	52	205	209	1.0		1/4	1/4	4/4	2	1	1/4		1/4	1		-3	63	Eb4	4	601
53	52	205	209	0.3333333333333333		1/4	1/4	4/4	1	1	1/12		1/8	2/3		-4	80	Ab5	5	591
53	52	616/3	628/3	0.3333333333333333		1/3	1/3	4/4	1	1	1/12		1/8	2/3		-3	75	Eb5	5	592
53	52	617/3	629/3	0.3333333333333333		5/12	5/12	4/4	1	1	1/12		1/8	2/3		-7	71	Cb5	5	593
53	52	206	210	1.0		1/2	1/2	4/4	2	1	1/4		1/4	1		1	55	G3	3	602
53	52	206	210	0.3333333333333333		1/2	1/2	4/4	1	1	1/12		1/8	2/3		-2	82	Bb5	5	594
53	52	619/3	631/3	0.3333333333333333		7/12	7/12	4/4	1	1	1/12		1/8	2/3		-3	75	Eb5	5	595
53	52	620/3	632/3	0.3333333333333333		2/3	2/3	4/4	1	1	1/12		1/8	2/3		-5	73	Db5	5	596
53	52	207	211	1.0		3/4	3/4	4/4	2	1	1/4		1/4	1		-3	63	Eb4	4	603
53	52	207	211	0.3333333333333333		3/4	3/4	4/4	1	1	1/12		1/8	2/3		-2	82	Bb5	5	597
53	52	622/3	634/3	0.3333333333333333		5/6	5/6	4/4	1	1	1/12		1/8	2/3		-3	75	Eb5	5	598
53	52	623/3	635/3	0.3333333333333333		11/12	11/12	4/4	1	1	1/12		1/8	2/3		-5	73	Db5	5	599
54	53	208	212	1.0		0	0	4/4	2	1	1/4		1/4	1		-4	56	Ab3	3	616
54	53	208	212	0.3333333333333333		0	0	4/4	1	1	1/12		1/8	2/3		-7	83	Cb6	6	604
54	53	625/3	637/3	0.3333333333333333		1/12	1/12	4/4	1	1	1/12		1/8	2/3		-3	75	Eb5	5	605
54	53	626/3	638/3	0.3333333333333333		1/6	1/6	4/4	1	1	1/12		1/8	2/3		-7	71	Cb5	5	606
54	53	209	213	1.0		1/4	1/4	4/4	2	1	1/4		1/4	1		-4	56	Ab3	3	617
54	53	209	213	1.0		1/4	1/4	4/4	2	1	1/4		1/4	1		-7	59	Cb4	4	617
54	53	209	213	1.0		1/4	1/4	4/4	2	1	1/4		1/4	1		-8	64	Fb4	4	617
54	53	209	213	0.3333333333333333		1/4	1/4	4/4	1	1	1/12		1/8	2/3		-7	83	Cb6	6	607
54	53	628/3	640/3	0.3333333333333333		1/3	1/3	4/4	1	1	1/12		1/8	2/3		-8	76	Fb5	5	608
54	53	629/3	641/3	0.3333333333333333		5/12	5/12	4/4	1	1	1/12		1/8	2/3		-7	71	Cb5	5	609
54	53	210	214	1.0		1/2	1/2	4/4	2	1	1/4		1/4	1		-4	56	Ab3	3	618
54	53	210	214	1.0		1/2	1/2	4/4	2	1	1/4		1/4	1		-7	59	Cb4	4	618
54	53	210	214	1.0		1/2	1/2	4/4	2	1	1/4		1/4	1		-8	64	Fb4	4	618
54	53	210	214	0.3333333333333333		1/2	1/2	4/4	1	1	1/12		1/8	2/3		-7	83	Cb6	6	610
54	53	631/3	643/3	0.3333333333333333		7/12	7/12	4/4	1	1	1/12		1/8	2/3		-8	76	Fb5	5	611
54	53	632/3	644/3	0.3333333333333333		2/3	2/3	4/4	1	1	1/12		1/8	2/3		-7	71	Cb5	5	612
54	53	211	215	1.0		3/4	3/4	4/4	2	1	1/4		1/4	1		-6	54	Gb3	3	619
54	53	211	215	1.0		3/4	3/4	4/4	2	1	1/4		1/4	1		-9	57	Bbb3	3	619
54	53	211	215	1.0		3/4	3/4	4/4	2	1	1/4		1/4	1		-3	63	Eb4	4	619
54	53	211	215	0.3333333333333333		3/4	3/4	4/4	1	1	1/12		1/8	2/3		-9	81	Bbb5	5	613
54	53	634/3	646/3	0.3333333333333333		5/6	5/6	4/4	1	1	1/12		1/8	2/3		-3	75	Eb5	5	614
54	53	635/3	647/3	0.3333333333333333		11/12	11/12	4/4	1	1	1/12		1/8	2/3		-7	71	Cb5	5	615
55	54	212	216	1.0		0	0	4/4	2	1	1/4		1/4	1		-8	52	Fb3	3	632
55	54	212	216	1.0		0	0	4/4	2	1	1/4		1/4	1		-4	56	Ab3	3	632
55	54	212	216	1.0		0	0	4/4	2	1	1/4		1/4	1		-7	59	Cb4	4	632
55	54	212	216	1.0		0	0	4/4	2	1	1/4		1/4	1		-8	64	Fb4	4	632
55	54	212	216	0.3333333333333333		0	0	4/4	1	1	1/12		1/8	2/3		-4	80	Ab5	5	620
55	54	637/3	649/3	0.3333333333333333		1/12	1/12	4/4	1	1	1/12		1/8	2/3		-8	76	Fb5	5	621
55	54	638/3	650/3	0.3333333333333333		1/6	1/6	4/4	1	1	1/12		1/8	2/3		-7	71	Cb5	5	622
55	54	213	217	0.75		1/4	1/4	4/4	2	1	3/16		1/8	3/2		-4	44	Ab2	2	633
55	54	213	217	0.3333333333333333		1/4	1/4	4/4	1	1	1/12		1/8	2/3		-7	71	Cb5	5	623
55	54	640/3	652/3	0.3333333333333333		1/3	1/3	4/4	1	1	1/12		1/8	2/3		-8	64	Fb4	4	624
55	54	641/3	653/3	0.3333333333333333		5/12	5/12	4/4	1	1	1/12		1/8	2/3		-7	59	Cb4	4	625
55	54	855/4	871/4	0.25		7/16	7/16	4/4	2	1	1/16		1/16	1		-8	52	Fb3	3	634
55	54	214	218	0.75		1/2	1/2	4/4	2	1	3/16		1/8	3/2		-4	44	Ab2	2	635
55	54	214	218	0.3333333333333333		1/2	1/2	4/4	1	1	1/12		1/8	2/3		-7	71	Cb5	5	626
55	54	643/3	655/3	0.3333333333333333		7/12	7/12	4/4	1	1	1/12		1/8	2/3		-8	64	Fb4	4	627
55	54	644/3	656/3	0.3333333333333333		2/3	2/3	4/4	1	1	1/12		1/8	2/3		-7	59	Cb4	4	628
55	54	859/4	875/4	0.25		11/16	11/16	4/4	2	1	1/16		1/16	1		-8	52	Fb3	3	636
55	54	215	219	0.75		3/4	3/4	4/4	2	1	3/16		1/8	3/2		-6	42	Gb2	2	637
55	54	215	219	0.3333333333333333		3/4	3/4	4/4	1	1	1/12		1/8	2/3		-9	69	Bbb4	4	629
55	54	646/3	658/3	0.3333333333333333		5/6	5/6	4/4	1	1	1/12		1/8	2/3		-3	63	Eb4	4	630
55	54	647/3	659/3	0.3333333333333333		11/12	11/12	4/4	1	1	1/12		1/8	2/3		-7	59	Cb4	4	631
55	54	863/4	879/4	0.25		15/16	15/16	4/4	2	1	1/16		1/16	1		-3	51	Eb3	3	638
56	55	216	220	1.0		0	0	4/4	2	1	1/4		1/4	1	1	-8	40	Fb2	2	640
56	55	216	220	1.0		0	0	4/4	1	1	1/4		1/4	1		-7	59	Cb4	4	639
56	55	216	220	1.0		0	0	4/4	1	1	1/4		1/4	1		-8	64	Fb4	4	639
56	55	216	220	1.0		0	0	4/4	1	1	1/4		1/4	1		-4	68	Ab4	4	639
56	55	217	221	0.3333333333333333		1/4	1/4	4/4	2	1	1/12		1/8	2/3	-1	-8	40	Fb2	2	641
56	55	652/3	664/3	0.3333333333333333		1/3	1/3	4/4	2	1	1/12		1/8	2/3		-4	44	Ab2	2	642
56	55	653/3	665/3	0.3333333333333333		5/12	5/12	4/4	2	1	1/12		1/8	2/3		-7	47	Cb3	3	643
56	55	218	222	0.3333333333333333		1/2	1/2	4/4	2	1	1/12		1/8	2/3		-8	52	Fb3	3	644
56	55	655/3	667/3	0.3333333333333333		7/12	7/12	4/4	2	1	1/12		1/8	2/3		-7	47	Cb3	3	645
56	55	656/3	668/3	0.3333333333333333		2/3	2/3	4/4	2	1	1/12		1/8	2/3		-8	52	Fb3	3	646
56	55	219	223	0.3333333333333333		3/4	3/4	4/4	2	1	1/12		1/8	2/3		-4	56	Ab3	3	647
56	55	658/3	670/3	0.3333333333333333		5/6	5/6	4/4	2	1	1/12		1/8	2/3		-8	52	Fb3	3	648
56	55	659/3	671/3	0.3333333333333333		11/12	11/12	4/4	2	1	1/12		1/8	2/3		-4	56	Ab3	3	649
57	56	220	224	0.3333333333333333		0	0	4/4	1	1	1/12		1/8	2/3		-7	59	Cb4	4	650
57	56	661/3	673/3	0.3333333333333333		1/12	1/12	4/4	1	1	1/12		1/8	2/3		-4	56	Ab3	3	651
57	56	662/3	674/3	0.3333333333333333		1/6	1/6	4/4	1	1	1/12		1/8	2/3		-7	59	Cb4	4	652
57	56	221	225	0.3333333333333333		1/4	1/4	4/4	1	1	1/12		1/8	2/3		-8	64	Fb4	4	653
57	56	664/3	676/3	0.3333333333333333		1/3	1/3	4/4	1	1	1/12		1/8	2/3		-7	59	Cb4	4	654
57	56	665/3	677/3	0.3333333333333333		5/12	5/12	4/4	1	1	1/12		1/8	2/3		-8	64	Fb4	4	655
57	56	222	226	0.3333333333333333		1/2	1/2	4/4	1	1	1/12		1/8	2/3		-4	68	Ab4	4	656
57	56	667/3	679/3	0.3333333333333333		7/12	7/12	4/4	1	1	1/12		1/8	2/3		-8	64	Fb4	4	657
57	56	668/3	680/3	0.3333333333333333		2/3	2/3	4/4	1	1	1/12		1/8	2/3		-4	68	Ab4	4	658
57	56	223	227	0.3333333333333333		3/4	3/4	4/4	1	1	1/12		1/8	2/3		-7	71	Cb5	5	659
57	56	670/3	682/3	0.3333333333333333		5/6	5/6	4/4	1	1	1/12		1/8	2/3		-4	68	Ab4	4	660
57	56	671/3	683/3	0.3333333333333333		11/12	11/12	4/4	1	1	1/12		1/8	2/3		-7	71	Cb5	5	661
58	57	224	228	0.3333333333333333		0	0	4/4	1	1	1/12		1/8	2/3		-8	76	Fb5	5	662
58	57	673/3	685/3	0.3333333333333333		1/12	1/12	4/4	1	1	1/12		1/8	2/3		-7	71	Cb5	5	663
58	57	674/3	686/3	0.3333333333333333		1/6	1/6	4/4	1	1	1/12		1/8	2/3		-4	68	Ab4	4	664
58	57	225	229	0.3333333333333333		1/4	1/4	4/4	1	1	1/12		1/8	2/3		-7	71	Cb5	5	665
58	57	676/3	688/3	0.3333333333333333		1/3	1/3	4/4	1	1	1/12		1/8	2/3		-4	68	Ab4	4	666
58	57	677/3	689/3	0.3333333333333333		5/12	5/12	4/4	1	1	1/12		1/8	2/3		-8	64	Fb4	4	667
58	57	226	230	1.0		1/2	1/2	4/4	2	1	1/4		1/4	1		-10	62	Ebb4	4	673
58	57	679/3	691/3	0.3333333333333333		7/12	7/12	4/4	1	1	1/12		1/8	2/3		-8	64	Fb4	4	668
58	57	680/3	692/3	0.3333333333333333		2/3	2/3	4/4	1	1	1/12		1/8	2/3		-4	68	Ab4	4	669
58	57	227	231	0.3333333333333333		3/4	3/4	4/4	1	1	1/12		1/8	2/3		-7	71	Cb5	5	670
58	57	682/3	694/3	0.3333333333333333		5/6	5/6	4/4	1	1	1/12		1/8	2/3		-4	68	Ab4	4	671
58	57	683/3	695/3	0.3333333333333333		11/12	11/12	4/4	1	1	1/12		1/8	2/3		-7	71	Cb5	5	672
59	58	228	232	1.0		0	0	4/4	2	1	1/4		1/4	1		-10	62	Ebb4	4	686
59	58	228	232	0.3333333333333333		0	0	4/4	1	1	1/12		1/8	2/3		-1	77	F5	5	674
59	58	685/3	697/3	0.3333333333333333		1/12	1/12	4/4	1	1	1/12		1/8	2/3		-7	71	Cb5	5	675
59	58	686/3	698/3	0.3333333333333333		1/6	1/6	4/4	1	1	1/12		1/8	2/3		-4	68	Ab4	4	676
59	58	229	233	0.3333333333333333		1/4	1/4	4/4	1	1	1/12		1/8	2/3		-7	71	Cb5	5	677
59	58	688/3	700/3	0.3333333333333333		1/3	1/3	4/4	1	1	1/12		1/8	2/3		-4	68	Ab4	4	678
59	58	689/3	701/3	0.3333333333333333		5/12	5/12	4/4	1	1	1/12		1/8	2/3		-1	65	F4	4	679
59	58	230	234	1.0		1/2	1/2	4/4	2	1	1/4		1/4	1		-10	62	Ebb4	4	687
59	58	230	234	0.3333333333333333		1/2	1/2	4/4	1	1	1/12		1/8	2/3		-1	77	F5	5	680
59	58	691/3	703/3	0.3333333333333333		7/12	7/12	4/4	1	1	1/12		1/8	2/3		-7	71	Cb5	5	681
59	58	692/3	704/3	0.3333333333333333		2/3	2/3	4/4	1	1	1/12		1/8	2/3		-4	68	Ab4	4	682
59	58	231	235	0.3333333333333333		3/4	3/4	4/4	1	1	1/12		1/8	2/3		-7	71	Cb5	5	683
59	58	694/3	706/3	0.3333333333333333		5/6	5/6	4/4	1	1	1/12		1/8	2/3		-4	68	Ab4	4	684
59	58	695/3	707/3	0.3333333333333333		11/12	11/12	4/4	1	1	1/12		1/8	2/3		-1	65	F4	4	685
60	59	232	236	1.0		0	0	4/4	2	1	1/4		1/4	1		-5	61	Db4	4	700
60	59	232	236	0.3333333333333333		0	0	4/4	1	1	1/12		1/8	2/3		-1	77	F5	5	688
60	59	697/3	709/3	0.3333333333333333		1/12	1/12	4/4	1	1	1/12		1/8	2/3		-5	73	Db5	5	689
60	59	698/3	710/3	0.3333333333333333		1/6	1/6	4/4	1	1	1/12		1/8	2/3		-2	70	Bb4	4	690
60	59	233	237	1.0		1/4	1/4	4/4	2	1	1/4		1/4	1		-1	65	F4	4	701
60	59	233	237	0.3333333333333333		1/4	1/4	4/4	1	1	1/12		1/8	2/3		-5	73	Db5	5	691
60	59	700/3	712/3	0.3333333333333333		1/3	1/3	4/4	1	1	1/12		1/8	2/3		-2	70	Bb4	4	692
60	59	701/3	713/3	0.3333333333333333		5/12	5/12	4/4	1	1	1/12		1/8	2/3		-1	65	F4	4	693
60	59	234	238	1.0		1/2	1/2	4/4	2	1	1/4		1/4	1		-5	61	Db4	4	702
60	59	234	238	0.3333333333333333		1/2	1/2	4/4	1	1	1/12		1/8	2/3		-1	77	F5	5	694
60	59	703/3	715/3	0.3333333333333333		7/12	7/12	4/4	1	1	1/12		1/8	2/3		-5	73	Db5	5	695
60	59	704/3	716/3	0.3333333333333333		2/3	2/3	4/4	1	1	1/12		1/8	2/3		-2	70	Bb4	4	696
60	59	235	239	1.0		3/4	3/4	4/4	2	1	1/4		1/4	1		-1	65	F4	4	703
60	59	235	239	0.3333333333333333		3/4	3/4	4/4	1	1	1/12		1/8	2/3		-5	73	Db5	5	697
60	59	706/3	718/3	0.3333333333333333		5/6	5/6	4/4	1	1	1/12		1/8	2/3		-2	70	Bb4	4	698
60	59	707/3	719/3	0.3333333333333333		11/12	11/12	4/4	1	1	1/12		1/8	2/3		-1	65	F4	4	699
61	60	236	240	1.0		0	0	4/4	2	1	1/4		1/4	1		0	60	C4	4	716
61	60	236	240	0.3333333333333333		0	0	4/4	1	1	1/12		1/8	2/3		-1	77	F5	5	704
61	60	709/3	721/3	0.3333333333333333		1/12	1/12	4/4	1	1	1/12		1/8	2/3		0	72	C5	5	705
61	60	710/3	722/3	0.3333333333333333		1/6	1/6	4/4	1	1	1/12		1/8	2/3		-4	68	Ab4	4	706
61	60	237	241	0.3333333333333333		1/4	1/4	4/4	1	1	1/12		1/8	2/3		0	72	C5	5	707
61	60	712/3	724/3	0.3333333333333333		1/3	1/3	4/4	1	1	1/12		1/8	2/3		-4	68	Ab4	4	708
61	60	713/3	725/3	0.3333333333333333		5/12	5/12	4/4	1	1	1/12		1/8	2/3		-1	65	F4	4	709
61	60	238	242	1.0		1/2	1/2	4/4	2	1	1/4		1/4	1		0	60	C4	4	717
61	60	238	242	0.3333333333333333		1/2	1/2	4/4	1	1	1/12		1/8	2/3		-1	77	F5	5	710
61	60	715/3	727/3	0.3333333333333333		7/12	7/12	4/4	1	1	1/12		1/8	2/3		0	72	C5	5	711
61	60	716/3	728/3	0.3333333333333333		2/3	2/3	4/4	1	1	1/12		1/8	2/3		-4	68	Ab4	4	712
61	60	239	243	0.3333333333333333		3/4	3/4	4/4	1	1	1/12		1/8	2/3		0	72	C5	5	713
61	60	718/3	730/3	0.3333333333333333		5/6	5/6	4/4	1	1	1/12		1/8	2/3		-4	68	Ab4	4	714
61	60	719/3	731/3	0.3333333333333333		11/12	11/12	4/4	1	1	1/12		1/8	2/3		-1	65	F4	4	715
62	61	240	244	1.0		0	0	4/4	2	1	1/4		1/4	1		5	59	B3	3	730
62	61	240	244	0.3333333333333333		0	0	4/4	1	1	1/12		1/8	2/3		-1	77	F5	5	718
62	61	721/3	733/3	0.3333333333333333		1/12	1/12	4/4	1	1	1/12		1/8	2/3		2	74	D5	5	719
62	61	722/3	734/3	0.3333333333333333		1/6	1/6	4/4	1	1	1/12		1/8	2/3		-4	68	Ab4	4	720
62	61	241	245	1.0		1/4	1/4	4/4	2	1	1/4		1/4	1		-1	65	F4	4	731
62	61	241	245	0.3333333333333333		1/4	1/4	4/4	1	1	1/12		1/8	2/3		2	74	D5	5	721
62	61	724/3	736/3	0.3333333333333333		1/3	1/3	4/4	1	1	1/12		1/8	2/3		-4	68	Ab4	4	722
62	61	725/3	737/3	0.3333333333333333		5/12	5/12	4/4	1	1	1/12		1/8	2/3		-1	65	F4	4	723
62	61	242	246	1.0		1/2	1/2	4/4	2	1	1/4		1/4	1		2	62	D4	4	732
62	61	242	246	0.3333333333333333		1/2	1/2	4/4	1	1	1/12		1/8	2/3		5	71	B4	4	724
62	61	727/3	739/3	0.3333333333333333		7/12	7/12	4/4	1	1	1/12		1/8	2/3		-4	68	Ab4	4	725
62	61	728/3	740/3	0.3333333333333333		2/3	2/3	4/4	1	1	1/12		1/8	2/3		-1	65	F4	4	726
62	61	243	247	1.0		3/4	3/4	4/4	2	1	1/4		1/4	1		5	59	B3	3	733
62	61	243	247	0.3333333333333333		3/4	3/4	4/4	1	1	1/12		1/8	2/3		2	74	D5	5	727
62	61	730/3	742/3	0.3333333333333333		5/6	5/6	4/4	1	1	1/12		1/8	2/3		-4	68	Ab4	4	728
62	61	731/3	743/3	0.3333333333333333		11/12	11/12	4/4	1	1	1/12		1/8	2/3		-1	65	F4	4	729
63	62	244	248	0.3333333333333333		0	0	4/4	1	1	1/12		1/8	2/3		0	60	C4	4	734
63	62	733/3	745/3	0.3333333333333333		1/12	1/12	4/4	1	1	1/12		1/8	2/3		4	64	E4	4	735
63	62	734/3	746/3	0.3333333333333333		1/6	1/6	4/4	1	1	1/12		1/8	2/3		1	67	G4	4	736
63	62	245	249	0.3333333333333333		1/4	1/4	4/4	1	1	1/12		1/8	2/3		-2	70	Bb4	4	737
63	62	736/3	748/3	0.3333333333333333		1/3	1/3	4/4	1	1	1/12		1/8	2/3		-5	73	Db5	5	738
63	62	737/3	749/3	0.3333333333333333		5/12	5/12	4/4	1	1	1/12		1/8	2/3		0	72	C5	5	739
63	62	246	250	0.3333333333333333		1/2	1/2	4/4	1	1	1/12		1/8	2/3		-2	70	Bb4	4	740
63	62	739/3	751/3	0.3333333333333333		7/12	7/12	4/4	1	1	1/12		1/8	2/3		3	69	A4	4	741
63	62	740/3	752/3	0.3333333333333333		2/3	2/3	4/4	1	1	1/12		1/8	2/3		-2	70	Bb4	4	742
63	62	247	251	0.3333333333333333		3/4	3/4	4/4	1	1	1/12		1/8	2/3		1	79	G5	5	743
63	62	742/3	754/3	0.3333333333333333		5/6	5/6	4/4	1	1	1/12		1/8	2/3		4	76	E5	5	744
63	62	743/3	755/3	0.3333333333333333		11/12	11/12	4/4	1	1	1/12		1/8	2/3		-2	70	Bb4	4	745
64	63	248	252	1.0		0	0	4/4	2	1	1/4		1/4	1		0	60	C4	4	758
64	63	248	252	0.3333333333333333		0	0	4/4	1	1	1/12		1/8	2/3		-4	68	Ab4	4	746
64	63	745/3	757/3	0.3333333333333333		1/12	1/12	4/4	1	1	1/12		1/8	2/3		0	72	C5	5	747
64	63	746/3	758/3	0.3333333333333333		1/6	1/6	4/4	1	1	1/12		1/8	2/3		-1	77	F5	5	748
64	63	249	253	0.3333333333333333		1/4	1/4	4/4	1	1	1/12		1/8	2/3		0	72	C5	5	749
64	63	748/3	760/3	0.3333333333333333		1/3	1/3	4/4	1	1	1/12		1/8	2/3		-4	68	Ab4	4	750
64	63	749/3	761/3	0.3333333333333333		5/12	5/12	4/4	1	1	1/12		1/8	2/3		-1	65	F4	4	751
64	63	250	254	1.0		1/2	1/2	4/4	2	1	1/4		1/4	1		0	60	C4	4	759
64	63	250	254	0.3333333333333333		1/2	1/2	4/4	1	1	1/12		1/8	2/3		-4	68	Ab4	4	752
64	63	751/3	763/3	0.3333333333333333		7/12	7/12	4/4	1	1	1/12		1/8	2/3		0	72	C5	5	753
64	63	752/3	764/3	0.3333333333333333		2/3	2/3	4/4	1	1	1/12		1/8	2/3		-1	77	F5	5	754
64	63	251	255	0.3333333333333333		3/4	3/4	4/4	1	1	1/12		1/8	2/3		0	72	C5	5	755
64	63	754/3	766/3	0.3333333333333333		5/6	5/6	4/4	1	1	1/12		1/8	2/3		-4	68	Ab4	4	756
64	63	755/3	767/3	0.3333333333333333		11/12	11/12	4/4	1	1	1/12		1/8	2/3		-1	65	F4	4	757
65	64	252	256	0.3333333333333333		0	0	4/4	1	1	1/12		1/8	2/3		-5	61	Db4	4	760
65	64	757/3	769/3	0.3333333333333333		1/12	1/12	4/4	1	1	1/12		1/8	2/3		1	67	G4	4	761
65	64	758/3	770/3	0.3333333333333333		1/6	1/6	4/4	1	1	1/12		1/8	2/3		4	64	E4	4	762
65	64	253	257	0.3333333333333333		1/4	1/4	4/4	1	1	1/12		1/8	2/3		-2	58	Bb3	3	763
65	64	760/3	772/3	0.3333333333333333		1/3	1/3	4/4	1	1	1/12		1/8	2/3		4	64	E4	4	764
65	64	761/3	773/3	0.3333333333333333		5/12	5/12	4/4	1	1	1/12		1/8	2/3		-5	61	Db4	4	765
65	64	254	258	0.3333333333333333		1/2	1/2	4/4	1	1	1/12		1/8	2/3		1	55	G3	3	766
65	64	763/3	775/3	0.3333333333333333		7/12	7/12	4/4	1	1	1/12		1/8	2/3		-5	61	Db4	4	767
65	64	764/3	776/3	0.3333333333333333		2/3	2/3	4/4	1	1	1/12		1/8	2/3		-2	58	Bb3	3	768
65	64	255	259	0.3333333333333333		3/4	3/4	4/4	1	1	1/12		1/8	2/3		4	52	E3	3	769
65	64	766/3	778/3	0.3333333333333333		5/6	5/6	4/4	1	1	1/12		1/8	2/3		-2	58	Bb3	3	770
65	64	767/3	779/3	0.3333333333333333		11/12	11/12	4/4	1	1	1/12		1/8	2/3		1	55	G3	3	771
66	65	256	260	1.0		0	0	4/4	2	1	1/4		1/4	1		-1	41	F2	2	780
66	65	256	260	1.0		0	0	4/4	2	1	1/4		1/4	1		-1	53	F3	3	780
66	65	256	260	0.75		0	0	4/4	1	1	3/16		1/8	3/2		-4	56	Ab3	3	772
66	65	1027/4	1043/4	0.25		3/16	3/16	4/4	1	1	1/16		1/16	1		-4	56	Ab3	3	773
66	65	257	261	0.75		1/4	1/4	4/4	1	1	3/16		1/8	3/2		0	60	C4	4	774
66	65	1031/4	1047/4	0.25		7/16	7/16	4/4	1	1	1/16		1/16	1		-1	65	F4	4	775
66	65	258	262	1.0		1/2	1/2	4/4	2	1	1/4		1/4	1		-1	53	F3	3	781
66	65	258	262	1.0		1/2	1/2	4/4	2	1	1/4		1/4	1		0	60	C4	4	781
66	65	258	262	0.75		1/2	1/2	4/4	1	1	3/16		1/8	3/2		-4	68	Ab4	4	776
66	65	1035/4	1051/4	0.25		11/16	11/16	4/4	1	1	1/16		1/16	1		0	72	C5	5	777
66	65	259	263	0.75		3/4	3/4	4/4	1	1	3/16		1/8	3/2		-1	77	F5	5	778
66	65	1039/4	1055/4	0.25		15/16	15/16	4/4	1	1	1/16		1/16	1		-4	80	Ab5	5	779
67	66	260	264	1.0		0	0	4/4	2	1	1/4		1/4	1		4	52	E3	3	787
67	66	260	264	1.0		0	0	4/4	2	1	1/4		1/4	1		0	60	C4	4	787
67	66	260	264	1.0		0	0	4/4	1	1	1/4		1/4	1		1	79	G5	5	782
67	66	261	265	1.0		1/4	1/4	4/4	1	1	1/4		1/4	1		0	72	C5	5	783
67	66	262	266	1.0		1/2	1/2	4/4	2	1	1/4		1/4	1		0	48	C3	3	788
67	66	262	266	1.0		1/2	1/2	4/4	2	1	1/4		1/4	1		4	52	E3	3	788
67	66	1051/4	1067/4	0.25		11/16	11/16	4/4	1	1	1/16		1/16	1		-2	70	Bb4	4	784
67	66	263	267	0.75		3/4	3/4	4/4	1	1	3/16		1/8	3/2		-4	68	Ab4	4	785
67	66	1055/4	1071/4	0.25		15/16	15/16	4/4	1	1	1/16		1/16	1		1	67	G4	4	786
68	67	264	268	1.0		0	0	4/4	2	1	1/4		1/4	1		-1	41	F2	2	797
68	67	264	268	1.0		0	0	4/4	2	1	1/4		1/4	1		-1	53	F3	3	797
68	67	264	268	0.75		0	0	4/4	1	1	3/16		1/8	3/2		-4	68	Ab4	4	789
68	67	1059/4	1075/4	0.25		3/16	3/16	4/4	1	1	1/16		1/16	1		-4	56	Ab3	3	790
68	67	265	269	0.75		1/4	1/4	4/4	1	1	3/16		1/8	3/2		0	60	C4	4	791
68	67	1063/4	1079/4	0.25		7/16	7/16	4/4	1	1	1/16		1/16	1		-1	65	F4	4	792
68	67	266	270	1.0		1/2	1/2	4/4	2	1	1/4		1/4	1		-1	53	F3	3	798
68	67	266	270	1.0		1/2	1/2	4/4	2	1	1/4		1/4	1		0	60	C4	4	798
68	67	266	270	0.75		1/2	1/2	4/4	1	1	3/16		1/8	3/2		-4	68	Ab4	4	793
68	67	1067/4	1083/4	0.25		11/16	11/16	4/4	1	1	1/16		1/16	1		0	72	C5	5	794
68	67	267	271	0.75		3/4	3/4	4/4	1	1	3/16		1/8	3/2		-1	77	F5	5	795
68	67	1071/4	1087/4	0.25		15/16	15/16	4/4	1	1	1/16		1/16	1		-4	80	Ab5	5	796
69	68	268	272	1.0		0	0	4/4	2	1	1/4		1/4	1		4	52	E3	3	809
69	68	268	272	1.0		0	0	4/4	2	1	1/4		1/4	1		0	60	C4	4	809
69	68	268	272	0.3333333333333333		0	0	4/4	1	1	1/12		1/8	2/3		-4	80	Ab5	5	799
69	68	805/3	817/3	0.3333333333333333		1/12	1/12	4/4	1	1	1/12		1/8	2/3		6	78	F#5	5	800
69	68	806/3	818/3	0.3333333333333333		1/6	1/6	4/4	1	1	1/12		1/8	2/3		1	79	G5	5	801
69	68	269	273	1.0		1/4	1/4	4/4	1	1	1/4		1/4	1		0	72	C5	5	802
69	68	270	274	1.0		1/2	1/2	4/4	2	1	1/4		1/4	1		0	48	C3	3	810
69	68	270	274	1.0		1/2	1/2	4/4	2	1	1/4		1/4	1		4	52	E3	3	810
69	68	541/2	549/2	0.25		5/8	5/8	4/4	1	1	1/16		1/16	1		1	67	G4	4	803
69	68	1083/4	1099/4	0.25		11/16	11/16	4/4	1	1	1/16		1/16	1		-4	68	Ab4	4	804
69	68	271	275	0.25		3/4	3/4	4/4	1	1	1/16		1/16	1		0	72	C5	5	805
69	68	1085/4	1101/4	0.25		13/16	13/16	4/4	1	1	1/16		1/16	1		-2	70	Bb4	4	806
69	68	543/2	551/2	0.25		7/8	7/8	4/4	1	1	1/16		1/16	1		-4	68	Ab4	4	807
69	68	1087/4	1103/4	0.25		15/16	15/16	4/4	1	1	1/16		1/16	1		1	67	G4	4	808
70	69	272	276	1.0		0	0	4/4	2	1	1/4		1/4	1		-1	41	F2	2	819
70	69	272	276	1.0		0	0	4/4	2	1	1/4		1/4	1		-1	53	F3	3	819
70	69	272	276	0.75		0	0	4/4	1	1	3/16		1/8	3/2		-4	68	Ab4	4	811
70	69	1091/4	1107/4	0.25		3/16	3/16	4/4	1	1	1/16		1/16	1		-1	65	F4	4	812
70	69	273	277	0.75		1/4	1/4	4/4	1	1	3/16		1/8	3/2		-4	68	Ab4	4	813
70	69	1095/4	1111/4	0.25		7/16	7/16	4/4	1	1	1/16		1/16	1		0	72	C5	5	814
70	69	274	278	1.0		1/2	1/2	4/4	2	1	1/4		1/4	1		-1	53	F3	3	820
70	69	274	278	1.0		1/2	1/2	4/4	2	1	1/4		1/4	1		-4	56	Ab3	3	820
70	69	274	278	0.75		1/2	1/2	4/4	1	1	3/16		1/8	3/2		-5	73	Db5	5	815
70	69	1099/4	1115/4	0.25		11/16	11/16	4/4	1	1	1/16		1/16	1		-1	77	F5	5	816
70	69	275	279	0.75		3/4	3/4	4/4	1	1	3/16		1/8	3/2		-4	80	Ab5	5	817
70	69	1103/4	1119/4	0.25		15/16	15/16	4/4	1	1	1/16		1/16	1		-1	89	F6	6	818
71	70	276	280	3.0		0	0	4/4	1	1	3/4		1/2	3/2		-3	87	Eb6	6	821
71	70	277	281	3.0		1/4	1/4	4/4	2	2	3/4		1/2	3/2		1	55	G3	3	826
71	70	278	282	2.0		1/2	1/2	4/4	2	4	1/2		1/2	1		-2	58	Bb3	3	827
71	70	279	283	1.0		3/4	3/4	4/4	2	1	1/4		1/4	1		-3	63	Eb4	4	825
71	70	279	283	0.25		3/4	3/4	4/4	1	1	1/16		1/16	1		-5	85	Db6	6	822
71	70	1117/4	1133/4	0.25		13/16	13/16	4/4	1	1	1/16		1/16	1		0	84	C6	6	823
71	70	559/2	567/2	0.5		7/8	7/8	4/4	1	1	1/8		1/8	1		-2	82	Bb5	5	824
72	71	280	284	2.0		0	0	4/4	2	1	1/2		1/2	1		-4	56	Ab3	3	837
72	71	280	284	1.0		0	0	4/4	1	1	1/4		1/4	1		-2	82	Bb5	5	828
72	71	281	285	0.75		1/4	1/4	4/4	1	1	3/16		1/8	3/2		0	84	C6	6	829
72	71	1127/4	1143/4	0.25		7/16	7/16	4/4	1	1	1/16		1/16	1		-1	77	F5	5	830
72	71	282	286	2.0		1/2	1/2	4/4	2	1	1/2		1/2	1		-2	58	Bb3	3	838
72	71	282	286	0.3333333333333333		1/2	1/2	4/4	1	1	1/12		1/8	2/3		-5	85	Db6	6	831
72	71	847/3	859/3	0.3333333333333333		7/12	7/12	4/4	1	1	1/12		1/8	2/3		0	84	C6	6	832
72	71	848/3	860/3	0.3333333333333333		2/3	2/3	4/4	1	1	1/12		1/8	2/3		-2	82	Bb5	5	833
72	71	283	287	0.3333333333333333		3/4	3/4	4/4	1	1	1/12		1/8	2/3		-4	80	Ab5	5	834
72	71	850/3	862/3	0.3333333333333333		5/6	5/6	4/4	1	1	1/12		1/8	2/3		1	79	G5	5	835
72	71	851/3	863/3	0.3333333333333333		11/12	11/12	4/4	1	1	1/12		1/8	2/3		-1	77	F5	5	836
73	72	284	288	0.3333333333333333		0	0	4/4	2	1	1/12		1/8	2/3		0	48	C3	3	845
73	72	284	288	1.0		0	0	4/4	1	1	1/4		1/4	1		-1	77	F5	5	839
73	72	853/3	865/3	0.3333333333333333		1/12	1/12	4/4	2	1	1/12		1/8	2/3		5	59	B3	3	846
73	72	854/3	866/3	0.3333333333333333		1/6	1/6	4/4	2	1	1/12		1/8	2/3		0	60	C4	4	847
73	72	285	289	1.0		1/4	1/4	4/4	2	1	1/4		1/4	1		0	48	C3	3	848
73	72	285	289	0.3333333333333333		1/4	1/4	4/4	1	1	1/12		1/8	2/3		4	76	E5	5	840
73	72	856/3	868/3	0.3333333333333333		1/3	1/3	4/4	1	1	1/12		1/8	2/3		5	83	B5	5	841
73	72	857/3	869/3	0.3333333333333333		5/12	5/12	4/4	1	1	1/12		1/8	2/3		0	84	C6	6	842
73	72	286	290	1.0		1/2	1/2	4/4	1	1	1/4		1/4	1		0	72	C5	5	843
73	72	859/3	871/3	0.3333333333333333		7/12	7/12	4/4	2	1	1/12		1/8	2/3		5	59	B3	3	849
73	72	860/3	872/3	0.3333333333333333		2/3	2/3	4/4	2	1	1/12		1/8	2/3		0	60	C4	4	850
73	72	287	291	1.0		3/4	3/4	4/4	1	1	1/4		1/4	1		1	67	G4	4	844
73	72	287	291	1.0		3/4	3/4	4/4	1	1	1/4		1/4	1		-2	70	Bb4	4	844
73	72	862/3	874/3	0.3333333333333333		5/6	5/6	4/4	2	1	1/12		1/8	2/3		5	59	B3	3	851
73	72	863/3	875/3	0.3333333333333333		11/12	11/12	4/4	2	1	1/12		1/8	2/3		0	60	C4	4	852
74	73	288	292	1.0		0	0	4/4	1	1	1/4		1/4	1		-1	65	F4	4	853
74	73	288	292	1.0		0	0	4/4	1	1	1/4		1/4	1		-4	68	Ab4	4	853
74	73	865/3	877/3	0.3333333333333333		1/12	1/12	4/4	2	1	1/12		1/8	2/3		5	59	B3	3	857
74	73	866/3	878/3	0.3333333333333333		1/6	1/6	4/4	2	1	1/12		1/8	2/3		0	60	C4	4	858
74	73	289	293	1.0		1/4	1/4	4/4	1	1	1/4		1/4	1		-4	68	Ab4	4	854
74	73	289	293	1.0		1/4	1/4	4/4	1	1	1/4		1/4	1		0	72	C5	5	854
74	73	868/3	880/3	0.3333333333333333		1/3	1/3	4/4	2	1	1/12		1/8	2/3		5	59	B3	3	859
74	73	869/3	881/3	0.3333333333333333		5/12	5/12	4/4	2	1	1/12		1/8	2/3		0	60	C4	4	860
74	73	290	294	1.0		1/2	1/2	4/4	1	1	1/4		1/4	1		1	67	G4	4	855
74	73	290	294	1.0		1/2	1/2	4/4	1	1	1/4		1/4	1		-2	70	Bb4	4	855
74	73	871/3	883/3	0.3333333333333333		7/12	7/12	4/4	2	1	1/12		1/8	2/3		5	59	B3	3	861
74	73	872/3	884/3	0.3333333333333333		2/3	2/3	4/4	2	1	1/12		1/8	2/3		0	60	C4	4	862
74	73	291	295	1.0		3/4	3/4	4/4	1	1	1/4		1/4	1		-1	65	F4	4	856
74	73	291	295	1.0		3/4	3/4	4/4	1	1	1/4		1/4	1		-4	68	Ab4	4	856
74	73	874/3	886/3	0.3333333333333333		5/6	5/6	4/4	2	1	1/12		1/8	2/3		5	59	B3	3	863
74	73	875/3	887/3	0.3333333333333333		11/12	11/12	4/4	2	1	1/12		1/8	2/3		0	60	C4	4	864
75	74	292	296	1.0		0	0	4/4	1	1	1/4		1/4	1		-1	65	F4	4	865
75	74	292	296	1.0		0	0	4/4	1	1	1/4		1/4	1		-4	68	Ab4	4	865
75	74	877/3	889/3	0.3333333333333333		1/12	1/12	4/4	2	1	1/12		1/8	2/3		5	47	B2	2	871
75	74	878/3	890/3	0.3333333333333333		1/6	1/6	4/4	2	1	1/12		1/8	2/3		0	48	C3	3	872
75	74	293	297	1.0		1/4	1/4	4/4	2	1	1/4		1/4	1		0	36	C2	2	873
75	74	293	297	0.3333333333333333		1/4	1/4	4/4	1	1	1/12		1/8	2/3		4	64	E4	4	866
75	74	293	297	0.3333333333333333		1/4	1/4	4/4	1	1	1/12		1/8	2/3		1	67	G4	4	866
75	74	880/3	892/3	0.3333333333333333		1/3	1/3	4/4	1	1	1/12		1/8	2/3		5	71	B4	4	867
75	74	881/3	893/3	0.3333333333333333		5/12	5/12	4/4	1	1	1/12		1/8	2/3		0	72	C5	5	868
75	74	294	298	1.0		1/2	1/2	4/4	1	1	1/4		1/4	1		0	60	C4	4	869
75	74	883/3	895/3	0.3333333333333333		7/12	7/12	4/4	2	1	1/12		1/8	2/3		5	59	B3	3	874
75	74	884/3	896/3	0.3333333333333333		2/3	2/3	4/4	2	1	1/12		1/8	2/3		0	60	C4	4	875
75	74	295	299	1.0		3/4	3/4	4/4	1	1	1/4		1/4	1		-2	70	Bb4	4	870
75	74	295	299	1.0		3/4	3/4	4/4	1	1	1/4		1/4	1		4	76	E5	5	870
75	74	886/3	898/3	0.3333333333333333		5/6	5/6	4/4	2	1	1/12		1/8	2/3		5	59	B3	3	876
75	74	887/3	899/3	0.3333333333333333		11/12	11/12	4/4	2	1	1/12		1/8	2/3		0	60	C4	4	877
76	75	296	300	1.0		0	0	4/4	1	1	1/4		1/4	1		-4	68	Ab4	4	878
76	75	296	300	1.0		0	0	4/4	1	1	1/4		1/4	1		-1	77	F5	5	878
76	75	889/3	901/3	0.3333333333333333		1/12	1/12	4/4	2	1	1/12		1/8	2/3		5	59	B3	3	882
76	75	890/3	902/3	0.3333333333333333		1/6	1/6	4/4	2	1	1/12		1/8	2/3		0	60	C4	4	883
76	75	297	301	1.0		1/4	1/4	4/4	1	1	1/4		1/4	1		0	72	C5	5	879
76	75	297	301	1.0		1/4	1/4	4/4	1	1	1/4		1/4	1		-4	80	Ab5	5	879
76	75	892/3	904/3	0.3333333333333333		1/3	1/3	4/4	2	1	1/12		1/8	2/3		5	59	B3	3	884
76	75	893/3	905/3	0.3333333333333333		5/12	5/12	4/4	2	1	1/12		1/8	2/3		0	60	C4	4	885
76	75	298	302	1.0		1/2	1/2	4/4	1	1	1/4		1/4	1		-2	70	Bb4	4	880
76	75	298	302	1.0		1/2	1/2	4/4	1	1	1/4		1/4	1		1	79	G5	5	880
76	75	895/3	907/3	0.3333333333333333		7/12	7/12	4/4	2	1	1/12		1/8	2/3		5	59	B3	3	886
76	75	896/3	908/3	0.3333333333333333		2/3	2/3	4/4	2	1	1/12		1/8	2/3		0	60	C4	4	887
76	75	299	303	1.0		3/4	3/4	4/4	1	1	1/4		1/4	1		-4	68	Ab4	4	881
76	75	299	303	1.0		3/4	3/4	4/4	1	1	1/4		1/4	1		-1	77	F5	5	881
76	75	898/3	910/3	0.3333333333333333		5/6	5/6	4/4	2	1	1/12		1/8	2/3		5	59	B3	3	888
76	75	899/3	911/3	0.3333333333333333		11/12	11/12	4/4	2	1	1/12		1/8	2/3		0	60	C4	4	889
77	76	300	304	1.0		0	0	4/4	2	1	1/4		1/4	1		0	48	C3	3	895
77	76	300	304	1.0		0	0	4/4	1	1	1/4		1/4	1		1	67	G4	4	890
77	76	300	304	1.0		0	0	4/4	1	1	1/4		1/4	1		4	76	E5	5	890
77	76	1207/4	1223/4	0.25		7/16	7/16	4/4	2	1	1/16		1/16	1		-5	49	Db3	3	896
77	76	1207/4	1223/4	0.25		7/16	7/16	4/4	2	1	1/16		1/16	1		-5	61	Db4	4	896
77	76	1207/4	1223/4	0.25		7/16	7/16	4/4	1	2	1/16		1/16	1		1	67	G4	4	893
77	76	1207/4	1223/4	0.25		7/16	7/16	4/4	1	2	1/16		1/16	1		-2	70	Bb4	4	893
77	76	1207/4	1223/4	0.25		7/16	7/16	4/4	1	1	1/16		1/16	1		4	76	E5	5	891
77	76	302	306	1.0		1/2	1/2	4/4	2	1	1/4		1/4	1		-5	49	Db3	3	897
77	76	302	306	1.0		1/2	1/2	4/4	2	1	1/4		1/4	1		-5	61	Db4	4	897
77	76	302	306	2.0		1/2	1/2	4/4	1	2	1/2		1/2	1		1	67	G4	4	894
77	76	302	306	2.0		1/2	1/2	4/4	1	2	1/2		1/2	1		-2	70	Bb4	4	894
77	76	302	306	2.0		1/2	1/2	4/4	1	1	1/2		1/2	1		4	76	E5	5	892
77	76	303	307	1.0		3/4	3/4	4/4	2	1	1/4		1/4	1	1	-5	49	Db3	3	898
77	76	303	307	1.0		3/4	3/4	4/4	2	1	1/4		1/4	1	1	-5	61	Db4	4	898
78	77	304	308	0.0		0	0	4/4	1	1	0	appoggiatura	1/8	1		-1	77	F5	5	899
78	77	304	308	1.0		0	0	4/4	2	1	1/4		1/4	1	-1	-5	49	Db3	3	905
78	77	304	308	1.0		0	0	4/4	2	1	1/4		1/4	1	-1	-5	61	Db4	4	905
78	77	304	308	2.0		0	0	4/4	1	2	1/2		1/2	1		1	67	G4	4	903
78	77	304	308	2.0		0	0	4/4	1	1	1/2		1/2	1		-2	70	Bb4	4	900
78	77	304	308	2.0		0	0	4/4	1	1	1/2		1/2	1		4	76	E5	5	900
78	77	305	309	2.0		1/4	1/4	4/4	2	1	1/2		1/2	1		-5	49	Db3	3	906
78	77	305	309	2.0		1/4	1/4	4/4	2	1	1/2		1/2	1		-5	61	Db4	4	906
78	77	306	310	0.0		1/2	1/2	4/4	1	1	0	appoggiatura	1/8	1		1	79	G5	5	901
78	77	306	310	2.0		1/2	1/2	4/4	1	2	1/2		1/2	1		1	67	G4	4	904
78	77	306	310	2.0		1/2	1/2	4/4	1	1	1/2		1/2	1		-2	70	Bb4	4	902
78	77	306	310	2.0		1/2	1/2	4/4	1	1	1/2		1/2	1		4	76	E5	5	902
78	77	307	311	1.0		3/4	3/4	4/4	2	1	1/4		1/4	1	1	-5	49	Db3	3	907
78	77	307	311	1.0		3/4	3/4	4/4	2	1	1/4		1/4	1	1	-5	61	Db4	4	907
79	78	308	312	0.0		0	0	4/4	1	1	0	appoggiatura	1/8	1		-2	82	Bb5	5	908
79	78	308	312	1.0		0	0	4/4	2	1	1/4		1/4	1	-1	-5	49	Db3	3	920
79	78	308	312	1.0		0	0	4/4	2	1	1/4		1/4	1	-1	-5	61	Db4	4	920
79	78	308	312	2.0		0	0	4/4	1	2	1/2		1/2	1		-2	70	Bb4	4	919
79	78	308	312	2.0		0	0	4/4	1	1	1/2		1/2	1		4	76	E5	5	909
79	78	309	313	2.0		1/4	1/4	4/4	2	1	1/2		1/2	1		-5	49	Db3	3	921
79	78	309	313	2.0		1/4	1/4	4/4	2	1	1/2		1/2	1		-5	61	Db4	4	921
79	78	310	314	0.25		1/2	1/2	4/4	1	1	1/16		1/16	1		1	79	G5	5	910
79	78	1241/4	1257/4	0.75		9/16	9/16	4/4	1	1	3/16		1/8	3/2	1	-2	70	Bb4	4	911
79	78	311	315	1.0		3/4	3/4	4/4	2	1	1/4		1/4	1		4	52	E3	3	922
79	78	311	315	0.25		3/4	3/4	4/4	1	1	1/16		1/16	1	-1	-2	70	Bb4	4	912
79	78	1245/4	1261/4	0.125		13/16	13/16	4/4	1	1	1/32		1/32	1		0	72	C5	5	913
79	78	2491/8	2523/8	0.125		27/32	27/32	4/4	1	1	1/32		1/32	1		-5	73	Db5	5	914
79	78	623/2	631/2	0.125		7/8	7/8	4/4	1	1	1/32		1/32	1		-3	75	Eb5	5	915
79	78	2493/8	2525/8	0.125		29/32	29/32	4/4	1	1	1/32		1/32	1		-5	73	Db5	5	916
79	78	1247/4	1263/4	0.125		15/16	15/16	4/4	1	1	1/32		1/32	1		0	72	C5	5	917
79	78	2495/8	2527/8	0.125		31/32	31/32	4/4	1	1	1/32		1/32	1		-2	70	Bb4	4	918
80	79	312	316	1.0		0	0	4/4	2	1	1/4		1/4	1		-1	53	F3	3	938
80	79	312	316	0.25		0	0	4/4	1	1	1/16		1/16	1		-4	68	Ab4	4	923
80	79	1249/4	1265/4	0.25		1/16	1/16	4/4	1	1	1/16		1/16	1		-2	70	Bb4	4	924
80	79	625/2	633/2	0.25		1/8	1/8	4/4	1	1	1/16		1/16	1		0	72	C5	5	925
80	79	1251/4	1267/4	0.25		3/16	3/16	4/4	1	1	1/16		1/16	1		-2	70	Bb4	4	926
80	79	313	317	0.25		1/4	1/4	4/4	1	1	1/16		1/16	1		-4	68	Ab4	4	927
80	79	1253/4	1269/4	0.25		5/16	5/16	4/4	1	1	1/16		1/16	1		1	67	G4	4	928
80	79	627/2	635/2	0.25		3/8	3/8	4/4	1	1	1/16		1/16	1		-1	65	F4	4	929
80	79	1255/4	1271/4	0.25		7/16	7/16	4/4	1	1	1/16		1/16	1		-3	63	Eb4	4	930
80	79	314	318	0.25		1/2	1/2	4/4	1	1	1/16		1/16	1		-5	61	Db4	4	931
80	79	1257/4	1273/4	0.25		9/16	9/16	4/4	1	1	1/16		1/16	1		0	60	C4	4	932
80	79	629/2	637/2	0.25		5/8	5/8	4/4	1	1	1/16		1/16	1		-2	58	Bb3	3	933
80	79	1259/4	1275/4	0.25		11/16	11/16	4/4	1	1	1/16		1/16	1		-4	56	Ab3	3	934
80	79	315	319	0.25		3/4	3/4	4/4	1	1	1/16		1/16	1		1	55	G3	3	935
80	79	1261/4	1277/4	0.25		13/16	13/16	4/4	1	1	1/16		1/16	1		-1	53	F3	3	936
80	79	631/2	639/2	0.25		7/8	7/8	4/4	1	1	1/16		1/16	1		-3	51	Eb3	3	937
80	79	1263/4	1279/4	0.125		15/16	15/16	4/4	2	1	1/32		1/32	1		-5	49	Db3	3	939
80	79	2527/8	2559/8	0.125		31/32	31/32	4/4	2	1	1/32		1/32	1		0	48	C3	3	940
81	80	316	320	2.0		0	0	4/4	2	1	1/2		1/2	1		5	47	B2	2	952
81	80	949/3	961/3	0.3333333333333333		1/12	1/12	4/4	1	1	1/12		1/8	2/3		2	74	D5	5	941
81	80	950/3	962/3	0.3333333333333333		1/6	1/6	4/4	1	1	1/12		1/8	2/3		-1	77	F5	5	942
81	80	317	321	0.3333333333333333		1/4	1/4	4/4	1	1	1/12		1/8	2/3		-4	80	Ab5	5	943
81	80	952/3	964/3	0.3333333333333333		1/3	1/3	4/4	1	1	1/12		1/8	2/3		1	79	G5	5	944
81	80	953/3	965/3	0.3333333333333333		5/12	5/12	4/4	1	1	1/12		1/8	2/3		-1	77	F5	5	945
81	80	318	322	1.0		1/2	1/2	4/4	2	1	1/4		1/4	1		0	48	C3	3	953
81	80	318	322	0.3333333333333333		1/2	1/2	4/4	1	1	1/12		1/8	2/3		4	76	E5	5	946
81	80	955/3	967/3	0.3333333333333333		7/12	7/12	4/4	1	1	1/12		1/8	2/3		-1	77	F5	5	947
81	80	956/3	968/3	0.3333333333333333		2/3	2/3	4/4	1	1	1/12		1/8	2/3		1	79	G5	5	948
81	80	319	323	1.0		3/4	3/4	4/4	2	1	1/4		1/4	1		4	52	E3	3	954
81	80	319	323	0.3333333333333333		3/4	3/4	4/4	1	1	1/12		1/8	2/3		-5	73	Db5	5	949
81	80	958/3	970/3	0.3333333333333333		5/6	5/6	4/4	1	1	1/12		1/8	2/3		0	72	C5	5	950
81	80	959/3	971/3	0.3333333333333333		11/12	11/12	4/4	1	1	1/12		1/8	2/3		-2	70	Bb4	4	951
82	81	320	324	1.0		0	0	4/4	2	1	1/4		1/4	1		-1	53	F3	3	963
82	81	320	324	0.3333333333333333		0	0	4/4	1	1	1/12		1/8	2/3		-4	68	Ab4	4	955
82	81	961/3	973/3	0.3333333333333333		1/12	1/12	4/4	1	1	1/12		1/8	2/3		-1	77	F5	5	956
82	81	962/3	974/3	0.3333333333333333		1/6	1/6	4/4	1	1	1/12		1/8	2/3		-3	75	Eb5	5	957
82	81	321	325	1.0		1/4	1/4	4/4	2	1	1/4		1/4	1		-2	46	Bb2	2	964
82	81	321	325	0.3333333333333333		1/4	1/4	4/4	1	1	1/12		1/8	2/3		-5	73	Db5	5	958
82	81	964/3	976/3	0.3333333333333333		1/3	1/3	4/4	1	1	1/12		1/8	2/3		0	72	C5	5	959
82	81	965/3	977/3	0.3333333333333333		5/12	5/12	4/4	1	1	1/12		1/8	2/3		-2	70	Bb4	4	960
82	81	322	326	1.0		1/2	1/2	4/4	2	1	1/4		1/4	1		0	48	C3	3	965
82	81	322	326	1.0		1/2	1/2	4/4	1	1	1/4		1/4	1		-4	68	Ab4	4	961
82	81	323	327	1.0		3/4	3/4	4/4	2	1	1/4		1/4	1		0	36	C2	2	966
82	81	323	327	1.0		3/4	3/4	4/4	1	1	1/4		1/4	1		1	67	G4	4	962
83	82	324	328	1.0		0	0	4/4	2	1	1/4		1/4	1		-1	41	F2	2	975
83	82	324	328	0.75		0	0	4/4	1	1	3/16		1/8	3/2		-1	65	F4	4	967
83	82	1299/4	1315/4	0.25		3/16	3/16	4/4	1	1	1/16		1/16	1		-4	44	Ab2	2	968
83	82	325	329	0.75		1/4	1/4	4/4	1	1	3/16		1/8	3/2		0	48	C3	3	969
83	82	1303/4	1319/4	0.25		7/16	7/16	4/4	1	1	1/16		1/16	1		-1	53	F3	3	970
83	82	326	330	0.75		1/2	1/2	4/4	1	1	3/16		1/8	3/2		-4	56	Ab3	3	971
83	82	1307/4	1323/4	0.25		11/16	11/16	4/4	1	1	1/16		1/16	1		0	60	C4	4	972
83	82	327	331	0.75		3/4	3/4	4/4	1	1	3/16		1/8	3/2		-1	65	F4	4	973
83	82	1311/4	1327/4	0.25		15/16	15/16	4/4	1	1	1/16		1/16	1		-4	68	Ab4	4	974
84	83	328	332	0.75		0	0	4/4	1	1	3/16		1/8	3/2		0	72	C5	5	976
84	83	1315/4	1331/4	0.25		3/16	3/16	4/4	1	1	1/16		1/16	1		-1	77	F5	5	977
84	83	329	333	0.75		1/4	1/4	4/4	1	1	3/16		1/8	3/2		-4	80	Ab5	5	978
84	83	1319/4	1335/4	0.25		7/16	7/16	4/4	1	1	1/16		1/16	1		4	76	E5	5	979
84	83	330	334	1.0		1/2	1/2	4/4	1	1	1/4		1/4	1		-1	77	F5	5	980
84	83	331	335	1.0		3/4	3/4	4/4	2	1	1/4		1/4	1		-5	37	Db2	2	981
84	83	331	335	1.0		3/4	3/4	4/4	2	1	1/4		1/4	1		-5	49	Db3	3	981
85	84	332	336	1.5		0	0	4/4	1	1	3/8		1/4	3/2		1	55	G3	3	982
85	84	333	337	1.0		1/4	1/4	4/4	2	1	1/4		1/4	1		-2	34	Bb1	1	990
85	84	333	337	1.0		1/4	1/4	4/4	2	1	1/4		1/4	1		-2	46	Bb2	2	990
85	84	1335/4	1351/4	0.25		7/16	7/16	4/4	1	1	1/16		1/16	1		-5	61	Db4	4	983
85	84	334	338	0.3333333333333333		1/2	1/2	4/4	1	1	1/12		1/8	2/3		0	60	C4	4	984
85	84	1003/3	1015/3	0.3333333333333333		7/12	7/12	4/4	1	1	1/12		1/8	2/3		-2	58	Bb3	3	985
85	84	1004/3	1016/3	0.3333333333333333		2/3	2/3	4/4	1	1	1/12		1/8	2/3		-4	56	Ab3	3	986
85	84	335	339	1.0		3/4	3/4	4/4	2	1	1/4		1/4	1		0	36	C2	2	991
85	84	335	339	1.0		3/4	3/4	4/4	2	1	1/4		1/4	1		0	48	C3	3	991
85	84	335	339	0.3333333333333333		3/4	3/4	4/4	1	1	1/12		1/8	2/3		1	55	G3	3	987
85	84	1006/3	1018/3	0.3333333333333333		5/6	5/6	4/4	1	1	1/12		1/8	2/3		-1	53	F3	3	988
85	84	1007/3	1019/3	0.3333333333333333		11/12	11/12	4/4	1	1	1/12		1/8	2/3		4	52	E3	3	989
86	85	336	340	1.0		0	0	4/4	2	1	1/4		1/4	1		-1	41	F2	2	1000
86	85	336	340	0.75		0	0	4/4	1	1	3/16		1/8	3/2		-1	53	F3	3	992
86	85	1347/4	1363/4	0.25		3/16	3/16	4/4	1	1	1/16		1/16	1		-4	44	Ab2	2	993
86	85	337	341	0.75		1/4	1/4	4/4	1	1	3/16		1/8	3/2		0	48	C3	3	994
86	85	1351/4	1367/4	0.25		7/16	7/16	4/4	1	1	1/16		1/16	1		-1	53	F3	3	995
86	85	338	342	0.75		1/2	1/2	4/4	1	1	3/16		1/8	3/2		-4	56	Ab3	3	996
86	85	1355/4	1371/4	0.25		11/16	11/16	4/4	1	1	1/16		1/16	1		0	60	C4	4	997
86	85	339	343	0.75		3/4	3/4	4/4	1	1	3/16		1/8	3/2		-1	65	F4	4	998
86	85	1359/4	1375/4	0.25		15/16	15/16	4/4	1	1	1/16		1/16	1		-4	68	Ab4	4	999
87	86	340	344	0.75		0	0	4/4	1	1	3/16		1/8	3/2		0	72	C5	5	1001
87	86	1363/4	1379/4	0.25		3/16	3/16	4/4	1	1	1/16		1/16	1		-1	77	F5	5	1002
87	86	341	345	0.75		1/4	1/4	4/4	1	1	3/16		1/8	3/2		-4	80	Ab5	5	1003
87	86	1367/4	1383/4	0.25		7/16	7/16	4/4	1	1	1/16		1/16	1		4	76	E5	5	1004
87	86	342	346	1.0		1/2	1/2	4/4	1	1	1/4		1/4	1		-1	77	F5	5	1005
87	86	343	347	1.0		3/4	3/4	4/4	2	1	1/4		1/4	1		-5	37	Db2	2	1006
87	86	343	347	1.0		3/4	3/4	4/4	2	1	1/4		1/4	1		-5	49	Db3	3	1006
88	87	344	348	2.0		0	0	4/4	1	1	1/2		1/2	1		1	67	G4	4	1007
88	87	345	349	2.0		1/4	1/4	4/4	2	1	1/2		1/2	1		5	59	B3	3	1010
88	87	345	349	2.0		1/4	1/4	4/4	2	1	1/2		1/2	1		2	62	D4	4	1010
88	87	345	349	2.0		1/4	1/4	4/4	2	1	1/2		1/2	1		-1	65	F4	4	1010
88	87	346	350	0.0		1/2	1/2	4/4	1	1	0	grace16	1/16	1		6	66	F#4	4	1008
88	87	346	350	2.0		1/2	1/2	4/4	1	1	1/2		1/2	1		1	67	G4	4	1009
88	87	347	351	1.0		3/4	3/4	4/4	2	1	1/4		1/4	1		5	59	B3	3	1011
88	87	347	351	1.0		3/4	3/4	4/4	2	1	1/4		1/4	1		2	62	D4	4	1011
88	87	347	351	1.0		3/4	3/4	4/4	2	1	1/4		1/4	1		-1	65	F4	4	1011
89	88	348	352	0.0		0	0	4/4	1	1	0	grace16	1/16	1		1	67	G4	4	1012
89	88	348	352	1.0		0	0	4/4	1	1	1/4		1/4	1		1	67	G4	4	1013
89	88	349	353	1.0		1/4	1/4	4/4	2	1	1/4		1/4	1		-2	58	Bb3	3	1019
89	88	349	353	1.0		1/4	1/4	4/4	2	1	1/4		1/4	1		4	64	E4	4	1019
89	88	1399/4	1415/4	0.25		7/16	7/16	4/4	1	1	1/16		1/16	1		-5	73	Db5	5	1014
89	88	350	354	1.0		1/2	1/2	4/4	2	1	1/4		1/4	1		-4	56	Ab3	3	1020
89	88	350	354	0.75		1/2	1/2	4/4	1	1	3/16		1/8	3/2		0	72	C5	5	1015
89	88	1403/4	1419/4	0.25		11/16	11/16	4/4	1	1	1/16		1/16	1		-1	65	F4	4	1016
89	88	351	355	1.0		3/4	3/4	4/4	2	1	1/4		1/4	1		1	55	G3	3	1021
89	88	351	355	0.75		3/4	3/4	4/4	1	1	3/16		1/8	3/2		4	64	E4	4	1017
89	88	1407/4	1423/4	0.25		15/16	15/16	4/4	1	1	1/16		1/16	1		-2	70	Bb4	4	1018
90	89	352	356	1.0		0	0	4/4	2	1	1/4		1/4	1		-1	53	F3	3	1030
90	89	352	356	0.3333333333333333		0	0	4/4	1	1	1/12		1/8	2/3		-4	68	Ab4	4	1022
90	89	1057/3	1069/3	0.3333333333333333		1/12	1/12	4/4	1	1	1/12		1/8	2/3		-1	77	F5	5	1023
90	89	1058/3	1070/3	0.3333333333333333		1/6	1/6	4/4	1	1	1/12		1/8	2/3		0	72	C5	5	1024
90	89	353	357	1.0		1/4	1/4	4/4	2	1	1/4		1/4	1		-2	46	Bb2	2	1031
90	89	353	357	0.3333333333333333		1/4	1/4	4/4	1	1	1/12		1/8	2/3		-5	73	Db5	5	1025
90	89	1060/3	1072/3	0.3333333333333333		1/3	1/3	4/4	1	1	1/12		1/8	2/3		-2	70	Bb4	4	1026
90	89	1061/3	1073/3	0.3333333333333333		5/12	5/12	4/4	1	1	1/12		1/8	2/3		1	67	G4	4	1027
90	89	354	358	1.0		1/2	1/2	4/4	2	1	1/4		1/4	1		0	48	C3	3	1032
90	89	354	358	1.0		1/2	1/2	4/4	1	1	1/4		1/4	1		-1	65	F4	4	1028
90	89	355	359	1.0		3/4	3/4	4/4	2	1	1/4		1/4	1		0	36	C2	2	1033
90	89	355	359	1.0		3/4	3/4	4/4	1	1	1/4		1/4	1		1	67	G4	4	1029
91	90		360	1.0	1	0	0	4/4	2	1	1/4		1/4	1		-1	41	F2	2	1043
91	90		360	1.0	1	0	0	4/4	1	1	1/4		1/4	1		-1	65	F4	4	1034
91	90		1084/3	0.3333333333333333	1	1/3	1/3	4/4	2	1	1/12		1/8	2/3		-4	44	Ab2	2	1044
91	90		1084/3	0.3333333333333333	1	1/3	1/3	4/4	1	1	1/12		1/8	2/3		-4	56	Ab3	3	1035
91	90		1085/3	0.3333333333333333	1	5/12	5/12	4/4	2	1	1/12		1/8	2/3		-1	53	F3	3	1045
91	90		1085/3	0.3333333333333333	1	5/12	5/12	4/4	1	1	1/12		1/8	2/3		-1	65	F4	4	1036
91	90		362	0.3333333333333333	1	1/2	1/2	4/4	2	1	1/12		1/8	2/3		-3	51	Eb3	3	1046
91	90		362	0.3333333333333333	1	1/2	1/2	4/4	1	1	1/12		1/8	2/3		-3	63	Eb4	4	1037
91	90		1087/3	0.3333333333333333	1	7/12	7/12	4/4	2	1	1/12		1/8	2/3		-5	49	Db3	3	1047
91	90		1087/3	0.3333333333333333	1	7/12	7/12	4/4	1	1	1/12		1/8	2/3		-5	61	Db4	4	1038
91	90		1088/3	0.3333333333333333	1	2/3	2/3	4/4	2	1	1/12		1/8	2/3		0	48	C3	3	1048
91	90		1088/3	0.3333333333333333	1	2/3	2/3	4/4	1	1	1/12		1/8	2/3		0	60	C4	4	1039
91	90		363	0.3333333333333333	1	3/4	3/4	4/4	2	1	1/12		1/8	2/3		-2	46	Bb2	2	1049
91	90		363	0.3333333333333333	1	3/4	3/4	4/4	1	1	1/12		1/8	2/3		-2	58	Bb3	3	1040
91	90		1090/3	0.3333333333333333	1	5/6	5/6	4/4	2	1	1/12		1/8	2/3		-4	44	Ab2	2	1050
91	90		1090/3	0.3333333333333333	1	5/6	5/6	4/4	1	1	1/12		1/8	2/3		-4	56	Ab3	3	1041
91	90		1091/3	0.3333333333333333	1	11/12	11/12	4/4	2	1	1/12		1/8	2/3		1	43	G2	2	1051
91	90		1091/3	0.3333333333333333	1	11/12	11/12	4/4	1	1	1/12		1/8	2/3		1	55	G3	3	1042
92	90	356	364	1.0	2	0	0	4/4	2	1	1/4		1/4	1		-1	41	F2	2	1053
92	90	356	364	1.0	2	0	0	4/4	1	1	1/4		1/4	1		-1	65	F4	4	1052
